70,0,0,0,0,0,0,0,0,0,0
71,0,0,0,0,0,4,0,0,1,0
71,9,0,0,1,0,3,0,3,2,4
71,6,0,0,1,0,4,0,1,5,0
71,5,0,4,2,0,3,1,4,3,3
71,12,10,0,1,0,3,0,0,4,3
72,12,12,0,2,1,1,2,4,0,4
71,21,10,8,0,1,3,0,1,3,5
70,15,10,5,2,2,1,1,3,0,7
70,22,16,2,6,2,3,1,2,3,4
70,27,11,3,2,0,3,1,0,2,3
70,26,9,4,1,0,3,1,5,3,4
71,11,4,3,1,1,3,0,5,3,2
71,9,9,5,2,2,1,1,3,5,0
71,3,3,10,1,3,6,0,3,3,7
71,9,12,6,1,1,2,1,3,3,1
71,11,6,1,2,4,3,0,3,3,6
71,12,13,4,0,4,1,3,3,3,5
71,17,9,0,6,6,6,1,3,0,6
70,9,9,3,4,4,3,4,4,3,4
70,8,2,8,3,5,6,1,3,0,6
70,18,5,7,1,5,3,2,4,2,4
71,7,10,6,1,3,3,0,3,0,6
71,27,7,1,4,2,1,5,2,2,5
71,10,8,6,0,1,3,1,4,3,7
71,12,6,0,6,5,1,2,2,5,3
71,2,8,5,0,3,1,3,6,2,5
71,13,5,8,4,2,1,2,2,2,3
71,7,9,9,0,3,2,4,3,3,8
71,5,7,8,5,3,1,4,2,2,4
70,8,9,9,3,5,3,2,5,3,7
70,22,6,10,4,4,4,2,1,2,4
70,17,11,7,3,4,0,2,6,5,8
71,20,16,4,2,6,4,0,4,2,12
71,6,10,0,0,6,3,4,3,3,3
71,13,11,13,1,3,6,0,5,3,8
71,29,4,0,7,4,1,4,1,3,5
71,6,8,11,4,1,1,5,4,5,6
71,6,4,10,3,0,1,5,3,3,7
71,10,9,15,1,4,2,3,4,6,4
71,15,13,14,2,4,3,3,0,6,3
70,13,10,8,3,1,3,5,5,5,6
70,14,23,11,2,6,5,2,3,0,6
70,36,6,0,5,2,3,5,2,7,6
71,7,6,15,1,4,0,3,4,5,7
71,8,2,15,7,5,4,3,2,7,5
71,4,11,16,2,4,2,3,4,4,8
71,26,14,16,4,7,6,2,2,4,7
71,32,12,0,4,5,1,4,3,0,7
71,16,12,15,1,3,2,5,4,4,6
71,33,0,7,3,1,3,4,1,2,6
71,12,9,20,2,0,2,3,3,3,2
70,23,12,16,3,2,4,0,3,5,4
70,13,12,9,6,6,3,3,2,3,2
70,20,15,17,1,4,1,5,4,4,3
70,31,2,4,2,5,6,4,0,2,8
71,10,14,25,2,6,3,3,3,6,2
71,11,10,12,6,4,6,0,6,2,9
71,28,8,9,3,4,2,3,5,5,5
71,10,5,16,1,6,0,3,5,5,7
71,23,19,13,2,6,4,4,2,1,10
71,32,11,4,9,5,4,3,2,3,8
71,18,12,16,1,3,2,5,4,4,6
70,34,6,1,3,4,6,4,3,1,8
70,12,8,20,2,4,0,3,3,2,2
70,20,12,18,0,4,6,0,4,3,10
70,24,11,0,9,7,1,4,3,3,6
71,11,14,18,5,7,0,3,4,4,4
71,36,9,3,3,6,3,2,4,4,7
71,11,7,21,2,6,3,4,3,4,6
71,26,16,20,5,5,4,5,4,2,8
71,43,0,7,1,5,5,3,0,5,6
71,4,9,23,2,4,0,3,2,1,6
71,15,6,20,2,4,6,3,0,4,5
70,28,15,22,2,3,0,3,3,4,3
70,12,11,19,6,5,6,3,4,3,5
70,36,6,2,6,2,3,5,1,6,6
70,7,6,24,1,3,0,3,4,5,4
71,9,6,15,3,3,6,3,2,7,7
71,8,10,23,2,5,3,3,4,4,6
71,14,19,22,1,4,3,1,3,5,6
71,38,7,8,1,5,1,3,3,2,5
71,5,14,20,1,5,3,2,4,0,8
71,19,10,13,4,6,1,3,3,4,5
72,38,10,4,6,4,2,5,4,2,9
70,26,16,21,4,4,6,0,4,4,10
70,32,9,0,6,5,1,5,3,3,8
70,8,19,28,1,3,0,3,4,2,5
70,21,15,23,2,6,4,4,6,3,12
71,30,10,7,9,6,2,3,2,3,9
71,14,16,24,1,3,0,6,4,4,3
71,21,15,9,7,5,6,4,2,2,8
71,17,13,23,3,6,4,3,3,4,6
71,21,9,15,5,5,3,3,5,3,8
71,14,20,22,3,3,3,3,1,6,5
71,35,7,7,2,4,2,3,4,4,5
70,10,7,21,3,5,6,1,4,4,8
70,22,14,23,0,5,4,5,3,5,5
70,37,11,9,1,5,1,5,4,4,7
70,20,20,22,4,3,4,2,1,2,10
71,31,11,11,5,4,2,3,6,1,7
71,26,14,11,1,4,2,5,4,4,4
71,27,6,14,5,7,4,4,3,1,7
71,19,15,24,0,5,3,4,3,4,5
71,31,13,6,1,5,3,2,5,4,7
71,16,22,24,6,4,7,3,2,7,6
71,40,13,8,2,5,0,4,4,5,6
71,18,19,23,3,6,5,2,3,0,7
70,28,9,7,3,4,4,4,5,8,8
70,10,9,27,3,5,2,5,5,3,7
70,21,23,21,1,4,3,2,5,5,8
70,42,14,11,4,4,4,5,4,2,6
71,39,7,12,2,3,2,3,4,4,6
71,26,16,22,3,6,3,2,4,4,4
71,22,11,17,8,6,3,3,2,3,3
71,16,8,17,1,6,1,3,5,5,5
71,17,22,21,6,7,4,4,2,2,9
71,25,10,12,3,5,1,3,3,2,4
71,25,13,11,1,7,5,3,5,3,7
70,36,4,6,7,5,6,3,0,4,5
70,8,23,26,2,4,3,5,3,5,6
70,24,20,27,1,3,3,2,4,1,6
70,38,8,5,6,4,2,5,3,3,10
71,8,15,22,7,3,0,3,4,4,7
71,23,19,22,1,3,3,0,3,4,7
71,26,21,10,1,3,2,3,3,2,3
71,19,22,10,1,3,2,5,4,4,5
71,32,6,4,7,5,7,4,3,1,7
71,10,10,23,2,5,2,3,3,3,4
71,33,8,9,2,4,6,0,6,2,9
70,10,8,21,1,6,4,3,4,3,7
70,17,19,25,5,6,1,5,4,4,7
70,39,4,9,2,5,6,0,5,3,12
70,12,15,21,0,6,1,4,3,4,5
71,30,8,8,4,4,5,5,4,2,8
71,8,10,24,4,2,4,3,3,1,5
71,23,13,23,6,2,3,5,5,3,5
71,27,10,7,1,4,4,3,5,5,5
71,22,19,25,3,4,1,3,6,1,9
71,24,12,14,1,3,1,3,4,4,6
71,33,7,8,4,7,3,4,2,2,8
71,9,17,27,5,2,3,6,3,4,5
70,14,15,25,1,4,7,0,5,2,9
70,37,0,15,3,4,2,3,4,6,5
71,22,16,24,4,4,1,5,5,2,9
71,42,6,12,7,9,4,3,5,4,32
71,14,23,10,8,10,5,9,3,11,17
71,64,10,0,10,4,7,3,2,6,6
71,191,20,20,2,6,7,2,1,2,11
71,234,19,7,5,10,4,2,5,4,12
72,237,21,8,2,9,3,6,4,13,17
72,265,40,15,2,6,7,4,11,22,33
72,279,22,8,6,7,3,23,6,18,29
72,293,34,10,8,8,2,5,4,20,30
71,286,34,12,9,10,6,4,28,24,35
71,280,26,11,3,29,2,28,25,26,34
71,273,27,26,5,30,5,23,25,30,30
71,268,17,24,0,29,5,28,30,33,40
71,278,46,16,5,19,3,28,28,30,29
71,273,50,12,11,25,4,29,28,30,29
72,312,49,22,3,29,3,28,28,27,30
72,302,72,16,5,31,4,29,27,32,32
72,280,83,20,12,29,10,28,25,32,42
73,309,93,25,4,29,8,27,31,28,30
73,278,112,20,10,29,5,29,28,33,30
72,307,128,28,5,29,8,28,25,28,32
72,316,127,24,3,29,9,26,28,29,32
73,306,144,20,10,30,6,27,28,32,29
72,310,167,23,9,32,8,27,28,27,32
73,314,177,33,15,30,4,27,28,27,29
72,299,186,26,5,28,8,28,29,32,37
73,316,195,28,6,29,7,30,28,30,41
73,313,207,32,8,33,10,27,31,30,30
72,322,229,22,11,30,10,28,28,31,32
73,301,225,27,3,31,7,28,30,32,41
72,321,227,24,1,31,9,27,28,34,30
72,317,234,21,4,29,10,30,27,29,32
72,320,245,29,12,31,8,30,30,33,30
72,318,245,32,12,31,8,29,32,32,30
71,316,244,31,10,34,10,28,32,32,32
72,311,249,26,9,28,9,29,28,29,32
72,329,252,29,10,31,6,31,30,32,30
72,317,253,28,15,33,7,29,30,30,30
73,306,254,30,20,32,9,40,29,32,30
72,327,266,27,16,33,11,28,28,35,32
73,303,269,23,10,28,13,31,25,34,43
73,311,267,29,4,34,9,27,29,34,41
73,328,269,32,13,31,9,35,29,34,29
73,317,259,31,17,30,9,43,29,30,30
73,316,269,34,17,32,11,49,33,33,30
73,312,283,26,14,31,11,40,28,30,32
72,309,275,31,6,29,12,29,33,33,32
73,325,292,25,17,33,13,37,44,32,44
73,307,281,24,14,29,12,50,39,32,32
73,303,280,23,16,31,13,52,29,31,33
73,312,282,31,9,32,9,52,27,31,32
73,334,275,31,22,31,8,49,39,33,34
73,335,285,28,12,33,10,53,38,33,39
73,313,290,28,6,34,8,56,39,32,39
73,327,286,29,23,33,8,54,40,37,30
73,327,285,25,13,30,9,52,35,34,30
73,327,287,26,15,30,11,52,49,31,30
73,311,296,38,15,31,11,53,50,35,37
72,327,291,28,20,33,9,54,48,33,34
72,321,286,29,20,35,8,54,40,34,32
72,327,291,26,12,32,10,55,40,33,35
72,320,294,33,16,31,8,55,46,33,36
72,322,283,35,16,32,8,55,49,33,40
72,334,293,37,26,29,8,54,48,31,45
72,332,287,33,20,28,11,52,50,33,38
72,324,293,42,22,31,12,52,52,32,36
73,337,291,54,18,35,12,53,52,37,44
72,327,290,52,25,44,9,57,54,37,47
73,335,290,63,34,37,9,54,51,33,55
73,328,287,64,28,34,8,56,48,32,48
74,330,292,72,27,35,11,53,54,33,48
73,340,293,74,15,44,10,54,54,37,47
73,319,297,75,17,50,9,57,50,35,57
73,334,294,77,27,40,11,52,52,34,61
74,330,294,83,23,31,11,53,53,32,42
73,333,292,91,17,40,9,57,54,33,40
73,329,288,92,31,52,8,55,49,35,51
74,325,305,97,21,48,11,55,52,33,54
73,330,292,101,24,35,11,60,55,32,48
73,322,292,106,26,31,8,54,48,32,38
74,331,295,108,20,43,11,50,54,33,42
73,322,298,122,25,50,9,55,50,35,55
74,344,292,123,36,44,11,52,54,33,54
73,329,302,137,21,30,10,54,52,35,41
74,323,297,145,21,40,11,53,52,32,40
73,318,299,153,22,56,9,53,55,35,45
74,326,293,147,32,44,11,52,54,32,53
73,314,295,163,22,35,10,54,54,35,43
74,320,299,172,28,34,11,52,49,33,31
73,317,293,176,28,48,8,58,52,33,41
74,327,299,188,35,47,13,50,55,32,49
73,335,297,193,36,33,13,54,52,34,55
74,314,300,211,42,35,9,54,49,35,33
74,319,300,201,36,45,11,49,53,33,36
73,329,301,212,37,50,11,54,52,33,47
74,327,303,220,37,39,9,55,50,35,55
74,323,298,217,38,33,11,58,49,34,35
73,316,297,220,44,45,11,52,51,33,37
74,334,297,232,39,52,8,53,49,32,48
74,332,300,223,41,51,8,55,55,32,56
74,320,300,225,44,33,11,52,51,33,41
73,335,301,229,38,43,12,52,52,33,43
74,327,299,228,37,53,8,54,50,36,48
74,334,296,226,44,52,11,54,55,33,52
74,338,307,232,46,40,10,59,53,31,49
73,337,303,229,38,45,11,52,53,32,39
72,334,302,234,37,52,11,54,52,33,53
73,328,305,227,40,54,8,54,51,33,56
73,318,301,230,49,52,10,60,56,37,51
73,336,309,232,39,53,9,54,54,36,52
73,336,294,229,45,59,11,57,55,33,52
72,338,305,233,39,53,13,52,54,32,57
72,333,308,237,39,51,13,52,53,37,55
73,326,302,232,39,52,9,54,50,36,56
73,341,305,240,48,55,11,54,53,32,53
73,332,309,235,39,57,11,57,55,36,54
73,333,307,228,39,55,11,54,53,31,55
73,340,305,230,40,56,11,58,54,34,56
73,336,310,233,42,58,11,55,54,33,58
72,332,308,237,42,51,13,53,54,37,58
73,330,306,239,42,58,8,58,50,33,57
73,332,307,250,51,53,8,55,51,35,56
73,317,302,227,45,57,11,57,54,34,58
73,339,307,235,43,56,11,54,53,35,53
73,337,311,232,44,54,11,55,56,34,55
73,337,309,234,40,55,11,54,53,36,58
73,336,310,235,43,57,11,55,55,35,57
72,333,307,236,41,51,11,55,54,37,58
74,335,311,236,36,57,8,58,50,32,59
74,333,305,251,51,55,8,55,51,36,59
74,312,305,238,49,56,11,54,57,35,54
74,338,314,234,41,58,11,57,55,36,57
74,334,312,241,39,55,9,56,56,37,55
74,334,302,258,49,54,11,52,55,34,58
74,335,307,247,42,54,11,58,54,33,59
74,330,309,250,37,54,13,52,53,35,57
73,333,307,254,46,52,11,54,55,35,58
73,334,312,259,44,58,11,54,52,37,60
73,336,313,254,45,51,12,52,56,34,59
74,333,309,258,40,57,13,53,53,38,60
74,332,310,258,47,56,8,55,53,34,62
74,330,308,261,50,59,10,58,50,35,61
74,337,313,254,43,55,9,54,51,36,63
74,328,307,258,49,57,8,57,54,35,60
74,338,309,261,48,61,9,55,55,37,59
74,335,305,260,45,57,11,58,54,37,58
74,340,310,256,49,57,11,58,54,35,59
74,334,315,255,44,55,10,56,55,37,56
74,340,309,258,48,57,11,56,55,35,62
74,335,310,261,48,59,9,57,54,37,61
74,342,307,262,51,55,9,59,56,37,62
74,355,316,263,49,59,11,57,55,34,62
74,342,316,256,48,55,11,57,55,38,59
74,338,310,263,56,58,10,58,54,37,59
74,343,315,266,51,57,11,55,54,36,59
74,346,313,267,53,57,10,55,52,41,60
74,337,309,266,58,61,9,57,54,36,62
74,344,310,272,57,61,9,55,51,39,62
74,353,319,270,59,60,9,55,53,36,66
74,343,313,276,59,59,10,58,50,35,61
74,332,324,278,59,58,13,53,53,39,63
74,340,316,276,57,56,11,55,55,37,62
74,345,320,274,59,59,11,55,53,38,59
74,347,320,283,62,59,11,55,56,38,60
74,339,323,277,70,58,9,55,55,37,60
74,328,313,280,79,66,11,58,55,37,60
74,348,313,280,73,60,10,58,54,36,56
74,348,316,282,77,60,9,55,52,36,65
74,351,313,280,88,57,13,52,53,39,63
75,340,317,282,76,57,13,53,55,39,63
74,351,317,280,79,59,13,55,53,38,59
74,354,318,282,78,64,11,58,55,36,57
74,351,312,280,87,60,11,55,53,41,60
74,339,307,277,86,60,9,55,51,37,63
74,338,310,277,100,64,13,53,54,37,64
75,336,310,283,95,61,11,53,54,37,58
74,337,313,280,102,61,9,58,56,36,60
74,347,318,285,102,66,11,55,54,39,58
74,344,324,279,108,66,13,53,53,38,64
75,336,311,283,111,59,11,53,53,37,57
74,330,324,279,113,63,11,58,54,37,60
74,332,310,282,114,65,9,58,51,36,61
74,340,320,280,127,57,11,54,56,36,62
74,337,314,279,133,61,12,59,56,35,62
74,331,313,283,129,60,11,55,53,41,60
74,339,316,276,139,59,13,52,55,37,62
74,335,319,283,136,62,9,59,57,35,61
74,346,318,287,146,62,9,55,51,37,61
74,339,309,283,143,59,13,52,55,37,62
74,336,321,283,149,60,9,58,57,39,58
74,345,312,284,164,59,9,55,52,37,62
75,335,309,287,171,60,11,53,54,36,59
74,335,314,281,166,63,11,56,55,37,62
74,340,328,288,168,59,13,52,55,35,61
74,331,318,285,175,63,9,55,53,36,60
74,339,307,286,194,60,8,58,50,37,61
75,344,318,289,193,63,13,55,53,36,59
74,337,327,287,189,63,9,55,51,40,61
75,344,317,293,198,59,11,55,56,38,60
74,334,319,283,189,63,9,55,51,37,65
75,347,320,284,204,64,11,52,54,36,57
74,348,323,288,213,67,8,57,50,36,61
75,339,307,294,207,63,9,55,55,36,60
74,341,307,285,213,65,8,58,50,36,62
75,336,321,288,209,64,11,60,56,35,62
74,330,317,286,209,67,8,57,50,36,62
75,338,308,294,210,67,10,58,56,40,59
74,344,315,284,210,63,11,55,56,35,62
74,339,322,289,218,63,9,55,56,38,59
74,338,311,294,214,59,13,55,55,37,62
74,342,324,291,223,64,9,55,53,41,60
75,351,328,289,217,68,11,55,54,40,58
74,343,330,289,221,62,9,55,53,37,62
75,334,311,295,218,62,11,58,53,37,60
74,349,329,283,228,61,11,54,56,37,59
74,350,322,288,225,63,11,55,56,39,61
75,331,318,284,212,63,11,53,56,37,60
74,347,326,287,226,63,8,59,52,37,61
75,346,334,283,220,64,9,57,56,39,58
74,348,320,290,214,59,14,52,53,39,63
75,338,323,288,227,64,9,55,54,38,59
75,353,321,288,223,65,12,58,54,39,60
74,343,324,285,224,64,9,58,55,38,62
75,339,312,291,220,63,11,58,53,38,60
74,352,327,289,227,64,12,53,53,38,64
75,348,324,287,227,64,9,57,54,38,59
75,353,325,285,215,64,12,58,53,37,60
74,353,320,287,226,63,10,55,55,38,63
75,351,323,291,228,66,9,55,54,37,58
74,341,329,290,218,62,11,52,57,37,62
74,340,324,288,231,62,11,57,56,38,60
75,338,325,295,234,65,12,52,54,39,60
74,352,332,289,229,65,13,53,54,37,63
75,347,323,285,227,66,10,58,54,37,59
75,357,325,294,229,67,11,52,57,40,60
74,358,336,290,229,63,11,58,54,37,63
74,353,328,288,236,63,9,58,58,44,60
75,345,337,291,221,66,13,55,53,38,60
74,354,331,290,233,64,12,53,53,37,63
74,346,323,291,227,65,10,57,56,38,60
75,353,335,290,227,66,12,52,57,36,60
74,353,339,287,230,64,11,52,55,37,63
74,350,329,289,227,65,9,58,58,40,61
75,347,329,288,223,68,11,52,57,40,60
74,348,333,288,227,66,11,57,54,39,63
75,343,333,290,232,65,10,57,56,37,60
75,350,326,291,229,65,14,55,57,36,60
74,362,326,290,235,65,11,52,56,37,62
74,348,326,289,230,65,10,58,54,38,63
75,348,331,290,228,65,12,52,54,37,60
74,352,322,290,230,63,12,54,56,40,63
73,349,330,291,233,65,11,55,56,44,60
74,352,339,295,231,65,10,58,54,39,62
74,359,331,297,230,62,12,56,54,37,62
73,354,340,292,232,65,14,55,52,40,63
74,344,324,294,228,65,10,58,55,37,61
74,355,331,292,229,66,14,53,54,37,60
73,353,339,290,241,66,11,55,52,39,63
74,345,331,304,230,69,11,55,54,40,60
74,345,335,299,233,66,12,54,57,37,60
74,353,337,296,236,63,15,57,55,40,64
73,351,339,291,236,65,12,55,52,38,67
74,358,335,294,229,66,10,56,55,38,63
74,356,335,298,232,66,12,52,54,39,60
73,347,328,293,241,64,13,55,57,38,63
73,347,333,297,237,66,9,55,55,40,63
74,347,339,296,227,66,12,55,54,39,60
74,359,342,295,234,63,16,53,54,41,62
73,363,338,292,234,66,12,55,52,40,63
74,347,346,296,231,65,11,58,54,38,60
74,349,330,304,235,66,13,55,57,37,60
73,354,342,298,240,63,12,53,54,38,63
73,342,333,303,233,65,10,55,54,42,63
74,343,333,306,240,65,11,61,57,39,63
74,347,328,294,236,66,13,56,57,41,62
73,353,329,299,240,64,17,55,56,40,63
73,351,334,299,238,65,9,56,55,39,63
74,350,336,297,235,65,9,57,55,38,62
75,354,328,294,243,63,13,58,56,41,63
73,356,343,297,236,65,10,55,52,41,65
75,357,333,300,239,68,11,57,54,39,60
75,351,331,297,241,66,16,52,54,41,60
75,352,334,297,241,63,15,55,55,42,63
74,361,337,298,236,67,11,58,52,40,63
75,346,336,300,242,68,10,58,54,38,60
75,350,331,298,243,66,14,52,54,41,60
75,348,336,301,240,65,16,56,54,38,63
74,352,337,300,242,66,12,56,54,38,63
75,345,330,300,241,65,11,56,55,39,60
75,352,337,300,239,66,17,52,56,40,60
75,349,340,305,243,63,13,53,54,37,63
74,365,342,296,240,68,14,58,53,43,63
75,345,334,298,240,68,14,55,56,39,60
75,347,345,303,239,67,13,56,54,40,61
75,355,342,307,239,66,13,54,54,38,59
74,358,340,299,245,64,16,52,56,40,63
74,357,348,301,241,69,19,60,55,38,67
75,354,338,303,245,68,19,55,56,39,60
75,347,345,308,236,66,13,55,54,48,61
75,346,339,305,238,84,22,53,54,39,62
74,363,339,300,239,77,14,55,54,40,63
74,349,336,301,240,68,13,57,54,39,66
75,356,338,302,240,90,17,55,55,44,62
75,345,342,307,241,90,21,55,54,43,63
75,356,340,305,240,90,11,55,57,38,60
75,365,342,302,239,91,17,52,54,41,63
75,355,340,310,241,90,34,53,57,39,60
74,347,343,304,247,88,16,55,56,37,63
74,354,341,306,243,90,14,57,53,46,63
75,348,335,302,245,90,16,57,54,44,63
75,343,348,307,241,92,23,58,55,38,60
75,352,345,304,239,94,28,58,56,63,60
75,364,339,300,240,89,22,58,55,41,61
75,349,348,306,244,103,25,58,56,38,62
75,368,334,299,244,114,23,59,57,56,61
75,373,327,310,249,116,20,57,55,48,61
75,373,336,303,245,115,29,58,57,39,63
75,369,328,303,247,117,20,56,57,43,65
75,365,336,305,249,116,23,56,55,44,60
75,371,338,306,244,115,31,60,56,39,60
75,357,329,301,245,117,30,55,55,39,60
75,362,336,307,247,121,30,58,55,55,63
75,368,330,307,247,124,26,55,52,43,63
75,369,334,307,246,124,33,55,52,39,66
75,359,328,311,247,123,31,59,52,58,63
75,370,332,307,251,124,38,55,54,41,63
75,374,329,309,252,123,36,53,57,40,62
75,362,331,302,251,124,35,55,54,48,60
75,367,326,307,253,123,30,56,57,40,63
75,373,330,309,254,124,39,56,54,39,60
75,366,330,310,247,127,26,55,54,39,61
75,368,333,303,251,135,37,56,55,40,61
75,374,331,304,254,150,34,55,56,42,60
75,367,340,307,250,153,42,55,53,38,67
74,360,331,307,258,167,49,52,54,52,63
74,370,329,305,257,155,42,54,54,39,62
74,375,332,309,258,173,38,56,56,38,61
74,369,334,305,257,178,35,57,54,55,63
74,366,329,307,263,179,35,54,54,39,63
74,369,331,305,259,177,38,53,57,40,64
74,372,336,306,258,173,46,56,55,57,64
74,368,339,298,262,179,36,57,52,41,63
74,361,328,307,264,184,46,52,54,39,63
74,362,332,306,258,183,39,53,54,52,60
74,372,338,307,261,185,49,57,54,40,60
75,365,331,304,258,185,36,55,52,42,65
76,360,329,309,263,187,37,54,54,38,62
75,370,330,300,268,184,41,58,54,46,62
75,364,332,305,265,210,49,57,55,39,63
76,360,340,311,254,226,44,56,55,50,61
75,368,326,298,264,233,51,57,55,48,65
75,363,328,306,261,236,36,57,53,38,63
76,361,334,305,263,232,51,55,54,39,60
75,363,329,307,262,235,43,58,55,40,60
75,357,330,303,266,235,51,52,54,39,63
75,358,320,304,265,235,54,56,54,45,61
75,363,323,304,265,239,40,55,52,39,63
76,359,328,308,269,241,40,53,57,40,60
75,362,324,310,272,242,50,56,54,38,60
75,365,334,301,266,245,52,54,55,42,63
75,360,321,306,271,243,38,58,56,40,61
75,364,336,310,261,245,42,56,52,40,63
76,362,333,304,269,242,48,57,54,42,60
75,364,338,309,269,245,39,61,54,40,63
76,366,333,313,270,245,49,53,57,37,60
75,362,329,305,270,245,50,57,57,41,60
75,366,332,306,270,243,41,56,55,37,63
75,361,330,311,282,250,58,55,54,39,60
75,356,328,306,270,250,54,52,54,39,63
75,370,334,301,270,243,43,55,57,39,61
75,371,334,310,266,257,58,58,54,39,63
75,360,321,306,272,267,57,58,55,43,61
75,362,323,305,269,257,41,60,54,38,63
76,361,332,303,269,267,58,55,54,39,61
74,363,328,310,269,271,59,61,54,44,65
74,369,336,311,270,266,43,55,58,39,61
74,373,332,308,268,269,53,52,54,40,63
74,361,330,311,270,269,59,58,57,47,61
74,364,327,302,274,269,41,58,56,42,63
74,360,328,305,275,269,57,58,55,38,63
75,362,331,302,275,269,59,53,54,38,63
74,372,331,314,268,269,53,55,54,39,60
76,362,340,309,273,269,62,55,57,42,60
75,370,335,313,273,269,56,55,52,43,63
76,370,332,309,272,270,61,52,56,40,60
75,372,335,310,275,272,58,55,55,39,63
76,368,341,308,272,270,58,55,55,47,61
75,359,328,307,279,273,56,53,54,42,63
75,371,337,304,275,267,59,58,54,38,60
76,368,333,307,271,270,61,56,55,41,60
75,371,339,306,272,272,55,56,52,43,63
76,364,336,313,271,277,61,55,57,39,60
75,373,336,316,273,271,60,56,55,52,63
75,374,344,318,273,269,59,60,56,38,60
76,371,331,310,272,269,60,56,54,40,60
75,365,330,311,281,270,60,55,54,47,63
76,361,332,320,270,290,62,52,57,43,60
75,370,337,310,276,276,61,57,53,42,63
75,369,335,312,277,271,59,57,57,49,62
76,372,331,313,269,275,62,56,54,48,60
75,371,340,306,290,271,59,55,55,39,63
76,359,332,316,281,269,62,53,57,54,63
75,368,337,307,279,283,59,52,57,43,63
75,371,345,308,286,270,57,57,57,44,62
76,354,333,315,281,271,61,53,56,61,62
75,370,338,312,279,277,59,58,53,50,63
76,368,347,309,279,274,60,55,55,41,65
76,369,343,310,281,270,63,54,54,46,60
74,368,334,317,285,291,61,58,54,54,63
75,363,334,309,295,285,60,56,57,45,63
75,368,335,309,285,271,62,53,57,60,61
74,369,342,311,288,284,60,56,55,49,63
75,363,342,311,286,283,60,55,57,41,65
75,363,334,311,286,275,62,55,54,60,60
74,369,341,313,290,284,60,59,52,47,63
76,367,338,309,288,283,58,55,56,41,66
76,366,338,316,287,285,61,56,54,60,64
75,369,338,314,289,285,61,57,53,50,63
75,365,337,309,288,289,63,55,57,62,62
76,361,338,316,283,292,63,52,57,55,60
76,371,353,317,289,288,63,54,54,53,63
75,367,344,308,290,278,60,55,54,56,65
76,363,336,318,290,286,59,55,55,59,63
76,375,351,319,294,280,62,54,55,55,60
75,370,346,319,285,278,63,56,54,61,63
75,374,345,316,294,272,60,55,55,53,63
76,366,350,316,290,293,59,55,55,50,61
76,366,340,313,290,285,63,58,55,64,60
75,366,334,318,289,290,60,56,53,55,65
76,374,349,321,289,280,60,58,54,44,60
76,362,343,312,286,289,66,54,57,63,60
75,369,337,315,292,287,60,52,55,45,65
75,371,343,320,293,281,61,55,53,63,67
76,361,339,316,291,288,60,55,55,60,63
76,372,337,317,293,284,62,53,56,48,63
75,375,343,314,290,281,61,58,53,58,63
75,369,337,314,293,272,63,58,54,52,63
76,368,349,319,289,293,61,59,56,49,63
75,368,353,308,290,290,62,53,55,46,60
74,367,342,310,295,282,60,55,55,61,63
75,367,339,313,297,289,59,55,54,56,60
75,370,350,319,289,287,66,54,57,49,60
74,370,339,312,292,283,61,55,54,62,63
74,372,338,314,295,288,61,56,54,47,63
75,374,343,319,296,274,60,56,55,58,61
76,369,347,309,294,278,65,53,57,62,65
75,372,344,313,292,288,64,57,54,59,63
75,376,348,319,291,292,61,55,52,55,63
76,373,346,317,297,271,60,55,55,65,65
76,371,340,315,296,284,62,56,54,56,60
75,370,343,311,298,292,61,54,56,60,63
75,371,344,311,294,283,63,57,55,62,63
76,367,338,312,293,294,57,55,55,48,61
76,374,352,318,292,281,63,53,57,62,60
75,371,335,316,290,284,64,60,54,59,63
75,373,341,316,290,293,63,56,55,53,64
76,376,345,323,290,292,63,62,56,63,61
76,367,354,312,292,292,62,57,54,51,61
76,373,354,319,292,292,62,55,54,58,60
75,379,348,317,289,291,61,56,55,62,64
76,373,349,324,302,288,60,55,53,56,66
76,367,353,319,287,292,60,55,57,60,65
76,373,355,315,293,285,63,55,55,61,62
76,375,347,316,292,291,63,55,55,62,64
75,372,354,318,289,297,61,56,54,44,63
76,375,350,319,296,281,62,55,56,62,62
76,374,345,315,292,296,62,58,54,62,64
75,376,351,325,290,294,62,57,55,62,60
74,369,342,317,290,295,61,52,54,62,65
74,372,351,321,294,297,63,56,52,61,66
75,371,350,311,296,291,63,63,58,62,63
75,373,350,322,294,291,60,55,58,60,66
75,371,348,310,293,294,63,53,58,60,61
75,378,353,328,295,296,63,53,57,62,60
75,369,352,312,290,294,61,58,53,62,65
75,372,357,326,299,292,62,56,54,65,69
76,370,353,322,298,291,60,59,57,62,62
76,366,353,319,290,292,62,57,54,66,64
76,374,352,325,290,291,63,53,57,52,67
76,373,353,320,290,297,61,55,55,62,61
75,372,350,317,296,293,62,55,52,62,66
76,373,348,317,295,293,60,58,57,58,61
76,372,352,322,297,294,60,56,55,62,65
76,372,346,314,300,292,63,56,55,62,64
76,379,353,322,298,292,62,55,58,62,61
75,375,355,321,296,294,63,57,54,62,63
75,374,352,325,297,293,60,55,52,62,66
76,370,351,319,298,294,62,56,55,62,61
76,375,354,330,295,293,60,55,58,63,64
76,372,351,315,296,292,66,55,55,63,63
76,376,352,322,304,292,63,55,54,63,60
75,372,352,318,296,299,63,54,58,62,66
75,378,347,316,298,293,60,56,55,65,66
76,375,348,322,302,292,60,61,55,61,65
76,368,355,325,302,293,63,58,56,63,63
75,369,356,321,295,295,63,55,55,63,64
75,373,351,321,295,294,63,57,54,65,64
75,373,350,319,296,298,61,54,56,62,64
74,380,350,318,292,298,61,57,55,65,68
74,379,354,328,302,293,60,58,53,62,68
75,375,348,322,299,295,63,55,55,62,66
75,374,354,320,299,294,60,57,58,63,65
76,372,355,322,296,292,63,58,57,63,65
76,374,353,324,305,292,65,55,57,65,66
76,374,351,318,300,298,63,54,55,62,65
75,382,353,329,305,295,63,56,54,62,67
75,379,347,324,301,297,63,58,57,62,66
76,372,352,324,300,296,60,61,52,62,65
76,369,355,321,298,292,60,56,57,65,64
76,372,357,328,308,293,60,59,60,62,64
76,373,354,329,304,292,63,55,58,63,64
76,377,349,317,301,292,67,59,57,64,64
76,374,356,320,297,296,61,58,55,62,67
75,373,349,323,295,295,61,63,55,62,65
75,377,347,324,304,294,63,56,52,64,69
76,375,354,331,306,295,60,65,58,61,67
76,371,352,322,303,293,61,58,56,63,62
76,368,359,322,299,294,64,58,54,66,65
76,377,354,328,304,293,67,56,57,63,66
76,376,349,322,301,294,64,59,56,62,65
76,373,353,323,298,296,62,58,55,62,66
75,373,352,321,295,297,61,60,53,64,69
74,373,353,324,311,293,61,59,54,62,68
75,373,352,322,301,296,64,61,59,60,67
75,369,354,323,303,293,64,60,56,63,64
75,368,357,321,299,292,67,61,55,66,64
75,375,354,324,303,294,73,59,58,63,64
75,374,354,322,302,295,73,61,54,65,66
76,372,354,322,301,299,70,59,57,62,64
76,374,352,322,298,299,70,60,54,66,66
75,374,355,326,301,297,69,61,53,64,67
75,373,355,323,304,296,69,62,54,62,65
76,369,348,323,299,297,69,62,54,62,67
76,372,353,323,299,296,93,64,58,62,64
76,373,352,322,300,298,97,61,57,62,63
76,370,353,326,301,297,119,62,56,62,67
76,365,359,321,295,296,120,62,56,60,66
76,363,351,325,295,296,121,62,54,64,67
76,357,351,321,301,296,127,62,53,62,67
76,361,349,321,298,296,123,61,55,65,65
76,366,354,322,297,296,128,62,53,62,66
75,367,357,324,302,300,131,59,58,62,66
76,369,353,322,299,298,129,59,58,62,67
76,366,353,321,299,299,134,60,55,63,64
76,366,349,321,301,299,153,60,57,64,62
76,365,347,321,295,299,160,59,55,63,63
76,365,345,323,301,300,177,62,54,65,64
76,368,348,321,297,298,183,62,57,64,69
75,361,352,322,296,298,184,62,57,64,66
75,373,357,317,296,298,187,60,54,60,64
75,371,357,318,290,299,187,64,56,62,62
75,372,350,323,293,299,188,64,55,62,63
75,363,348,327,301,300,189,63,52,62,66
77,362,346,323,300,297,201,59,57,65,65
76,364,353,320,292,302,215,59,56,63,64
76,374,345,319,300,298,215,62,56,62,62
76,368,350,323,298,301,215,62,53,62,66
76,368,345,320,299,299,215,64,58,62,64
76,366,348,322,295,303,217,59,54,62,63
76,368,343,318,297,301,223,65,58,62,66
76,365,345,324,299,301,242,63,58,60,64
76,368,343,321,299,303,243,59,55,63,63
76,363,344,321,296,301,246,62,58,60,67
77,364,344,319,300,302,245,62,58,63,67
76,370,345,321,300,302,245,59,55,62,64
76,364,345,322,299,304,248,65,57,63,67
77,364,347,321,298,301,245,61,57,62,62
76,365,344,321,294,306,244,62,57,65,65
76,364,344,322,297,303,247,62,54,61,69
76,364,341,324,298,301,245,60,58,59,62
75,361,348,320,296,303,245,62,56,62,65
75,366,345,321,298,302,248,62,54,61,66
76,361,347,319,295,302,247,60,57,62,62
75,364,345,322,295,304,247,62,56,61,65
76,370,343,319,296,303,258,65,54,64,64
77,365,344,321,299,305,254,60,54,62,65
76,364,348,319,298,304,261,62,56,61,64
76,370,353,322,296,301,274,60,58,62,66
76,375,343,322,301,301,270,62,57,64,65
76,367,343,320,297,303,272,64,55,62,65
76,368,342,324,301,306,274,59,59,63,63
76,366,350,318,296,303,272,66,58,61,66
77,370,351,319,293,304,274,60,55,61,62
76,365,348,320,299,304,273,62,59,63,63
76,363,351,321,305,304,274,60,56,61,67
76,367,344,322,300,302,274,64,58,63,65
76,372,343,322,306,303,276,66,53,62,66
76,372,346,319,305,304,274,59,60,62,64
76,365,344,319,300,303,276,62,55,63,67
76,368,345,320,305,314,274,59,58,65,65
75,370,345,323,305,305,275,62,57,60,67
76,364,344,326,301,319,274,60,58,62,65
75,367,346,322,301,310,271,64,56,62,63
77,366,345,323,303,317,274,60,57,62,67
76,368,348,324,301,325,273,62,58,65,65
77,363,349,324,306,305,275,60,58,63,67
76,371,344,324,302,321,272,66,59,62,65
77,370,347,320,308,327,273,60,59,62,67
76,373,355,319,301,319,272,62,59,63,63
77,367,346,321,299,325,275,60,58,63,67
76,366,348,324,304,329,269,62,60,62,64
77,367,342,321,304,325,277,61,58,63,67
76,371,346,322,304,330,271,62,59,63,65
77,373,351,321,308,327,275,65,58,61,64
76,369,356,323,307,332,275,62,60,62,67
77,367,349,323,303,332,277,65,59,63,67
76,368,348,323,303,328,273,62,58,62,68
77,368,343,321,310,328,274,59,59,62,64
75,371,346,319,308,329,273,62,55,64,69
76,369,350,323,311,329,276,61,60,63,66
75,368,343,322,304,331,275,62,61,62,67
75,372,350,325,307,332,276,59,58,63,65
75,371,347,326,304,330,273,62,60,63,70
76,373,347,326,306,332,271,62,60,65,65
77,374,358,327,317,333,276,60,59,62,65
76,368,351,329,315,333,273,62,58,63,68
77,366,345,321,311,336,276,59,61,62,66
76,368,350,324,306,332,274,63,58,62,71
77,369,352,321,317,330,274,59,62,65,64
76,368,347,322,303,331,274,66,60,63,69
76,372,354,327,314,332,272,66,60,65,69
77,370,356,325,314,329,274,60,59,62,66
76,371,345,331,314,333,275,62,59,62,67
77,371,354,319,314,332,276,59,62,62,65
76,378,352,324,313,337,277,65,58,62,68
76,371,356,330,314,329,273,62,61,62,65
77,376,349,325,311,345,275,60,61,62,65
75,366,347,330,308,342,272,62,59,64,68
76,368,355,332,317,331,277,59,62,62,64
75,375,355,332,313,330,276,65,57,62,67
75,372,351,334,309,332,273,62,59,62,66
77,372,357,335,311,329,275,60,60,65,65
76,368,343,329,310,337,274,66,59,62,66
77,371,357,327,315,331,277,62,61,63,65
76,365,344,327,310,346,277,62,59,62,70
77,372,352,326,314,332,277,60,59,63,66
76,377,353,325,310,338,276,60,60,62,67
76,371,345,327,315,332,273,64,60,65,64
77,369,350,331,316,331,276,60,60,62,66
76,377,356,327,306,347,274,63,57,62,67
77,368,346,330,313,334,277,59,62,65,65
76,375,355,335,313,328,274,62,58,62,67
76,374,355,328,313,332,273,63,62,64,65
77,373,354,337,312,331,274,60,60,62,65
76,380,357,331,307,342,275,66,58,65,67
77,367,346,331,312,346,273,62,61,63,66
76,375,356,336,310,332,277,60,60,62,66
75,378,354,335,309,350,274,64,60,62,68
76,365,358,329,312,340,277,60,62,63,68
75,377,352,330,317,342,274,62,58,62,67
76,372,355,325,311,335,274,64,62,64,66
77,366,350,331,316,344,274,60,59,62,65
76,381,350,333,312,343,275,65,59,65,68
77,371,349,327,315,337,275,62,61,63,67
77,374,357,331,314,333,275,60,59,62,67
76,374,353,334,315,332,275,62,59,62,67
77,368,350,326,319,335,274,59,60,62,66
76,372,358,326,312,331,277,65,57,62,68
76,375,356,329,314,336,272,62,62,62,70
77,373,356,331,316,331,276,60,60,62,66
76,377,354,335,309,350,274,65,58,63,68
77,365,356,326,317,346,275,61,60,63,73
76,373,353,330,316,332,277,60,60,62,68
76,376,352,337,317,358,274,66,59,63,68
76,372,351,327,314,340,276,60,61,63,68
75,377,353,338,311,353,274,60,62,63,68
75,373,345,337,313,347,275,62,59,63,70
77,371,355,324,317,347,275,59,60,64,64
76,374,356,336,316,348,277,62,59,63,67
76,380,351,334,314,353,275,62,60,62,69
77,373,351,338,320,350,276,59,62,63,69
76,374,354,336,317,347,276,60,60,62,68
76,373,356,338,316,345,277,62,60,61,68
77,373,356,336,317,356,275,60,59,63,69
77,377,353,334,314,353,277,60,60,62,66
76,375,354,337,315,348,277,62,58,62,68
77,372,351,328,323,353,276,64,59,63,66
77,375,356,335,313,345,277,60,63,62,68
76,371,353,333,319,355,274,62,60,63,69
77,366,359,333,314,357,277,60,59,63,66
77,380,352,334,315,353,276,60,60,62,66
75,369,350,333,319,353,275,66,60,64,79
76,371,354,336,322,356,274,62,61,65,65
76,371,359,339,320,352,275,60,61,62,67
75,374,353,337,318,353,277,62,59,62,71
76,374,352,333,317,357,275,63,62,64,66
77,373,355,339,320,353,275,60,62,63,66
76,374,356,338,319,352,278,62,60,63,69
76,376,349,339,319,355,277,64,61,60,69
77,371,355,338,319,355,276,61,63,64,66
77,376,355,335,318,353,278,60,61,63,69
76,375,354,337,318,354,275,63,58,63,70
77,373,352,332,318,353,272,62,60,62,77
77,375,354,338,321,357,275,60,61,63,71
76,374,358,336,321,353,276,63,59,63,80
76,371,354,333,320,355,273,62,60,63,68
77,372,361,344,326,353,278,60,62,64,79
77,372,355,334,318,355,277,60,60,64,67
76,377,355,336,319,354,275,63,58,62,71
76,371,355,334,321,358,274,66,61,65,69
76,367,355,335,323,354,275,60,60,62,66
75,375,360,335,322,353,276,62,60,63,69
75,375,350,337,324,356,273,66,60,63,73
77,372,354,337,319,354,275,64,63,64,68
77,373,354,337,322,354,277,60,61,63,73
76,373,355,339,322,353,277,63,58,64,69
77,375,354,337,324,357,274,67,61,66,67
77,372,356,342,321,355,275,60,62,64,68
76,371,358,338,324,352,276,63,60,63,73
76,380,354,337,321,355,277,64,61,61,70
77,365,359,336,317,360,276,62,62,63,70
77,380,353,336,318,353,277,67,61,63,69
76,378,355,336,317,356,277,78,61,63,75
76,372,351,340,317,356,275,92,60,63,67
77,371,353,337,325,353,276,90,61,66,66
77,370,350,332,322,354,276,112,61,64,66
76,379,353,335,315,355,277,110,62,64,77
75,361,351,336,313,356,276,117,61,66,73
75,374,345,342,316,354,276,116,60,62,69
75,367,350,343,321,354,277,115,59,63,87
77,367,350,337,320,353,275,117,60,63,68
77,373,347,338,318,349,276,113,64,63,69
77,365,354,340,313,352,280,115,62,67,67
77,368,346,335,313,355,277,118,62,63,70
77,366,352,336,315,351,279,121,63,63,67
76,363,348,336,318,351,279,123,60,63,68
76,366,352,337,314,353,276,122,59,63,69
77,363,346,342,315,350,278,123,63,63,74
77,360,349,343,315,351,279,143,64,64,68
77,361,351,337,313,352,281,147,62,63,68
77,365,347,336,314,353,281,150,62,66,67
77,361,350,336,314,353,280,171,62,64,72
77,366,351,335,312,352,279,171,62,64,67
76,366,349,334,313,352,280,174,63,63,66
76,365,346,336,315,351,280,177,64,64,66
76,361,351,334,316,352,281,179,64,64,66
77,366,347,333,314,353,283,179,64,67,68
77,367,349,331,314,351,280,181,63,64,66
77,370,349,336,309,351,279,186,64,63,66
77,367,350,333,312,351,280,205,64,63,66
77,369,353,340,311,352,281,205,62,62,66
77,359,350,332,320,353,283,208,62,63,67
77,370,346,338,311,343,280,207,64,63,68
77,363,349,337,313,354,282,210,60,63,69
77,367,346,336,311,354,282,220,61,67,68
76,364,348,337,314,352,279,239,61,63,68
77,367,347,336,312,352,283,240,67,65,67
77,367,346,335,312,353,286,240,63,66,65
76,361,352,336,314,352,292,240,69,64,67
76,365,347,337,315,351,280,237,64,63,67
76,362,350,341,312,352,300,236,63,66,69
76,362,348,333,315,350,283,239,63,65,68
77,364,346,338,313,353,297,240,68,63,65
77,366,344,338,312,353,282,260,65,64,66
77,374,345,332,313,341,290,261,64,64,66
77,359,356,332,314,346,298,264,66,63,69
77,366,344,338,315,351,280,263,69,68,67
77,365,346,336,310,348,288,268,64,63,64
77,367,347,331,315,351,285,267,67,65,66
77,360,352,337,310,350,280,265,67,63,68
77,361,346,329,315,353,302,268,85,65,68
77,365,348,335,313,353,293,268,73,64,66
77,359,352,335,313,337,307,265,87,62,68
76,355,356,337,310,349,286,266,80,64,71
77,362,346,334,310,352,301,265,90,66,68
77,365,349,325,306,352,298,269,73,72,65
77,363,350,336,314,349,306,269,88,61,69
77,363,348,330,310,352,305,273,86,66,68
77,369,346,334,310,352,302,271,79,64,66
77,364,344,337,315,351,304,273,68,65,68
77,362,350,332,315,350,294,272,76,68,70
77,362,347,329,309,353,304,272,77,64,67
77,372,350,338,309,347,303,272,87,70,67
77,366,350,338,307,351,305,280,87,66,72
77,367,348,332,311,356,303,275,70,66,66
77,363,348,336,314,351,304,275,88,63,68
77,360,351,335,312,355,307,277,85,64,67
76,360,352,336,313,354,304,278,87,75,68
76,361,352,337,313,350,307,275,86,62,68
78,361,347,334,310,353,305,276,86,65,68
77,367,347,334,312,353,304,298,90,62,75
77,361,349,339,312,353,306,286,85,64,69
77,367,351,340,317,352,304,277,89,68,66
77,366,350,332,313,351,306,294,89,64,69
78,361,352,341,310,350,305,291,87,68,66
77,362,353,336,312,351,305,293,90,65,70
77,368,350,339,309,354,305,274,84,67,69
77,367,352,335,314,353,307,273,89,66,65
77,363,350,334,313,351,304,278,88,66,67
78,359,353,332,313,351,305,299,88,71,73
76,368,349,334,313,351,304,281,88,65,67
76,364,352,337,309,353,307,275,84,76,71
77,364,347,341,315,352,303,293,89,69,72
77,360,351,337,314,351,304,278,88,75,68
78,360,353,333,315,352,307,293,85,70,70
77,364,348,338,318,354,304,283,89,73,66
77,366,354,334,314,356,304,286,86,76,69
77,367,350,341,315,357,306,292,90,64,69
77,359,351,336,315,352,305,296,87,76,91
77,362,349,335,317,351,301,274,88,71,71
77,364,354,339,314,351,305,276,88,76,68
78,366,353,335,311,356,307,297,86,74,76
77,356,359,338,313,356,308,297,88,68,73
77,362,352,344,313,351,307,285,87,78,76
76,361,354,339,316,355,305,279,88,68,67
76,367,351,332,314,353,306,292,86,78,75
77,370,352,336,314,354,306,296,88,69,70
77,368,349,338,316,351,305,297,88,77,79
77,369,351,339,317,355,305,289,89,76,70
77,368,355,339,317,353,306,286,88,69,74
78,364,349,335,319,352,304,289,90,80,70
77,361,355,338,313,355,304,278,91,75,67
78,363,358,342,321,351,308,282,87,83,78
77,372,353,339,314,351,308,297,90,72,87
78,367,352,338,316,351,307,294,88,77,84
77,369,352,342,316,353,305,297,88,76,85
78,364,349,341,316,355,302,278,87,72,66
76,364,355,340,315,351,308,288,89,83,70
76,360,351,344,316,356,305,290,85,74,69
76,366,351,334,316,352,304,297,90,85,84
77,367,348,340,317,356,304,296,87,72,75
77,368,351,341,318,350,304,285,88,81,68
77,360,352,336,313,355,306,298,88,73,79
77,365,353,341,316,357,305,281,88,83,69
77,365,353,334,314,355,305,297,86,83,90
77,366,352,340,318,358,303,278,88,77,69
77,369,345,333,316,356,307,294,85,78,72
77,371,350,339,318,355,303,298,91,74,80
77,365,354,341,315,356,306,297,87,82,91
77,363,354,342,321,356,304,285,92,76,69
76,376,352,334,313,352,306,298,86,80,84
76,369,352,337,317,359,305,297,91,79,73
76,367,352,339,316,357,305,298,88,75,81
77,366,353,338,317,355,304,297,87,84,89
77,371,355,338,317,354,304,292,88,72,75
77,367,355,335,317,355,304,297,89,85,83
77,367,354,342,312,356,305,296,87,77,78
77,369,357,333,315,353,304,297,90,78,79
77,367,352,343,313,353,304,295,88,84,78
77,369,351,341,316,354,304,293,91,85,68
77,363,354,343,313,352,304,289,86,86,74
77,365,350,337,316,356,304,298,95,71,89
78,366,350,344,314,353,304,296,87,85,90
76,367,349,337,317,357,307,297,89,79,77
77,361,352,344,314,358,308,296,88,82,82
76,369,349,343,313,354,306,299,89,75,70
77,363,354,342,314,354,306,275,90,83,70
77,368,352,340,317,353,304,296,92,83,86
78,361,353,340,317,356,306,298,90,75,78
77,366,352,341,313,356,307,297,92,83,72
78,360,353,339,319,355,307,297,91,78,83
77,366,352,345,314,351,307,298,90,83,77
78,365,352,341,318,355,303,298,91,78,70
77,364,354,342,315,354,307,298,90,79,72
78,363,351,344,316,358,303,295,91,81,84
77,367,351,339,319,353,305,295,94,73,79
78,364,350,336,318,356,303,297,91,81,91
76,372,355,336,316,356,305,296,93,79,76
77,374,351,335,319,353,303,298,89,86,90
77,360,356,343,317,354,306,299,90,77,72
77,363,352,341,319,357,306,298,91,80,82
77,364,353,341,313,356,308,296,88,85,93
77,366,354,342,315,356,306,295,93,82,71
77,369,350,344,315,354,306,296,89,85,85
77,364,350,339,319,356,306,298,98,70,80
78,363,354,343,314,358,306,297,85,84,90
77,369,349,343,317,356,307,297,88,78,71
78,363,352,343,317,355,307,297,86,83,81
77,364,355,341,319,356,306,299,91,81,84
78,364,354,339,319,358,303,297,91,80,84
76,366,348,342,321,355,305,299,94,83,89
76,371,354,338,320,359,306,299,91,72,75
77,378,362,336,322,358,305,296,89,85,77
77,378,353,336,317,357,306,298,91,78,79
77,363,353,339,317,355,305,296,86,88,86
77,371,350,338,316,356,304,298,92,77,75
78,368,351,339,315,358,306,297,89,82,87
77,369,348,339,317,354,307,298,97,89,87
78,364,355,336,317,355,304,297,95,71,70
77,366,356,340,317,353,307,299,91,88,84
78,366,351,340,319,357,303,297,90,74,72
77,363,356,341,318,354,309,297,95,83,83
78,364,359,338,323,359,303,298,107,84,89
77,382,354,337,321,359,307,298,91,83,85
76,373,352,340,318,354,311,297,107,83,90
78,376,352,331,327,354,303,297,92,86,68
77,375,352,337,317,355,319,297,93,85,92
77,367,355,340,318,361,304,297,104,76,82
78,371,358,338,327,354,318,297,96,89,91
77,379,352,333,322,355,307,298,94,83,92
77,375,360,337,323,360,308,297,95,86,83
77,370,358,336,318,355,315,296,89,87,82
77,369,354,339,319,358,313,298,96,84,91
78,364,356,339,320,356,314,299,106,87,90
77,375,357,341,328,355,308,296,89,82,87
76,362,358,346,321,355,328,297,92,85,85
77,370,355,337,319,359,312,297,92,89,76
76,362,354,341,320,356,321,298,95,83,93
77,378,355,337,324,360,308,297,104,86,84
78,387,354,338,324,354,320,297,97,84,89
77,377,360,337,326,356,329,297,101,87,88
77,390,357,335,326,353,321,299,91,80,82
78,371,356,340,318,359,327,297,110,88,92
78,374,359,332,330,360,320,296,107,87,88
77,376,358,334,319,357,328,296,93,83,92
78,365,358,337,325,356,324,297,103,90,87
78,383,353,336,323,355,331,296,94,88,89
76,380,357,338,322,358,327,297,110,88,92
76,384,355,341,331,357,328,298,107,89,90
77,386,349,336,325,355,329,297,104,91,86
78,389,359,343,329,356,323,299,110,85,92
78,383,349,341,329,355,330,296,92,87,91
77,373,354,338,320,356,325,298,111,83,92
78,378,353,340,326,356,327,297,105,88,88
78,376,353,334,324,354,331,296,112,85,91
78,392,359,338,326,355,328,295,105,87,92
77,380,354,332,326,355,332,297,96,84,88
78,379,358,339,324,360,324,299,104,87,88
78,389,356,335,329,355,330,297,108,91,92
78,389,351,337,328,353,332,296,109,90,88
76,382,358,342,323,355,330,297,97,89,92
76,375,358,338,315,361,327,298,113,92,90
78,384,351,341,329,353,330,299,109,91,91
78,393,359,336,329,354,327,297,112,84,87
78,385,348,342,327,358,330,298,106,88,91
77,382,358,340,331,354,331,297,97,84,90
77,369,356,343,320,360,329,298,104,87,90
78,374,362,339,330,356,331,297,108,90,88
78,376,358,335,320,357,329,296,110,90,91
77,394,358,340,328,356,332,296,110,89,93
77,380,355,341,326,356,329,298,111,87,84
78,388,365,341,327,356,326,297,110,90,91
77,380,356,341,327,355,330,298,113,87,88
77,379,356,338,327,356,330,297,109,88,90
77,385,352,342,326,356,332,297,106,86,87
77,378,355,341,326,356,332,299,110,89,92
78,385,359,332,326,357,326,297,112,93,88
78,375,353,342,330,358,326,297,113,88,90
78,379,358,335,324,356,333,296,111,89,90
77,391,355,335,329,354,330,299,111,87,94
77,397,357,339,328,354,332,298,113,84,93
77,388,346,340,327,362,330,297,113,92,89
78,384,360,337,328,353,328,296,116,88,89
78,390,355,334,322,354,334,296,115,88,87
77,389,350,338,327,355,332,297,111,88,88
76,383,353,333,320,356,334,297,115,87,92
77,386,353,340,329,354,329,296,113,86,93
78,391,356,339,325,354,331,298,116,88,90
78,393,361,342,327,355,328,297,115,87,90
78,383,352,339,330,354,332,299,112,87,91
77,379,356,335,327,356,330,297,115,89,89
77,394,361,337,325,353,330,297,114,86,93
77,391,363,340,328,357,330,297,114,89,90
78,381,357,340,331,353,330,298,114,88,89
78,380,356,342,325,355,332,297,115,93,90
78,380,354,332,331,355,331,298,112,87,90
76,371,358,337,328,355,330,297,111,87,93
76,387,347,340,327,356,329,299,116,88,93
78,381,351,338,330,354,328,297,123,88,91
78,378,354,336,333,355,327,296,125,90,89
78,377,357,336,326,358,330,296,122,87,91
77,379,354,338,324,358,330,296,119,88,83
77,381,358,338,329,357,330,298,122,88,92
78,385,350,340,325,357,327,297,122,87,91
78,382,352,338,330,355,326,297,122,91,90
78,373,360,332,330,354,332,298,121,89,90
78,379,353,343,326,359,329,299,141,91,91
77,378,355,333,325,356,332,297,147,91,94
76,387,353,339,324,355,328,297,153,87,92
76,387,349,338,326,355,333,297,174,89,94
77,379,353,331,332,362,327,299,177,88,93
77,384,359,336,324,357,327,299,176,86,91
78,386,361,340,322,357,325,299,179,91,89
78,374,358,335,322,355,329,297,179,91,93
78,387,345,331,329,353,328,298,181,92,91
78,391,359,338,324,353,326,301,181,94,91
78,381,356,337,327,355,329,300,181,92,91
78,386,350,337,329,356,326,311,182,92,91
78,388,349,337,328,354,329,302,204,90,90
77,385,345,333,325,353,327,322,207,92,91
77,383,351,337,324,359,326,306,209,90,94
77,392,363,339,325,357,330,320,208,94,95
78,383,351,340,323,357,332,317,217,92,90
78,379,354,333,323,352,328,320,232,93,91
78,380,353,332,325,353,330,322,234,95,90
78,384,354,335,323,355,330,320,233,95,89
78,390,346,341,324,354,328,320,239,96,93
78,385,350,335,324,355,331,317,238,91,94
78,394,354,340,326,353,329,321,235,96,92
78,379,353,331,326,353,328,322,236,93,89
77,389,353,337,321,355,326,322,237,94,91
77,389,349,334,323,357,330,320,236,95,89
78,380,351,335,322,353,331,324,239,94,92
78,387,349,331,334,354,328,321,241,91,93
77,381,349,334,320,355,324,321,239,93,95
78,383,351,333,323,353,329,325,255,94,90
78,380,353,333,324,356,328,321,263,93,90
78,378,354,330,321,354,330,322,263,95,90
78,386,349,339,327,354,326,321,266,90,93
77,386,344,334,325,358,326,321,265,96,92
78,389,351,338,321,356,330,322,266,94,92
77,382,352,338,324,354,331,322,266,95,91
77,379,350,333,329,357,326,323,269,92,92
78,384,345,334,319,355,329,324,268,98,92
78,393,344,331,322,355,330,322,269,97,90
78,385,349,334,326,358,327,322,267,98,89
78,383,352,337,321,359,334,318,269,96,91
78,386,350,337,322,355,328,324,269,97,93
78,386,346,332,323,354,332,323,268,97,90
78,379,353,342,325,358,329,322,269,96,89
78,375,357,334,322,353,332,320,274,99,91
78,375,355,335,324,352,327,322,270,96,93
77,391,364,334,322,352,330,325,273,97,91
78,383,350,335,322,355,328,327,273,97,88
78,388,343,333,325,355,327,323,284,97,94
77,383,348,333,326,356,319,322,272,94,94
78,378,356,332,321,352,331,322,279,98,90
78,383,355,339,325,354,330,324,277,94,91
78,392,355,338,320,355,330,322,279,95,92
78,383,348,335,323,358,326,324,285,95,89
78,387,351,330,322,353,329,323,287,96,91
78,378,356,333,330,354,332,324,300,97,90
77,377,353,333,319,352,327,323,293,97,93
77,372,350,336,330,352,330,323,279,97,89
78,376,357,333,321,355,328,327,295,98,91
78,381,348,333,329,361,329,324,297,99,91
78,383,350,329,332,356,328,324,296,97,88
78,379,350,336,329,352,333,325,295,98,89
78,383,346,332,333,357,326,322,299,94,92
78,375,351,338,325,357,327,328,297,98,90
78,384,348,343,322,356,332,323,299,97,90
78,375,352,336,327,353,330,326,299,94,92
77,386,351,338,321,357,326,325,296,97,90
77,383,349,332,327,356,330,327,295,97,90
78,386,355,332,321,358,332,320,297,95,92
78,387,360,331,322,356,329,326,295,96,90
78,389,349,334,325,356,330,326,297,98,89
78,393,356,340,321,352,332,324,297,96,94
78,383,349,341,322,357,327,323,298,98,90
78,376,355,333,327,356,330,327,295,98,89
78,386,356,334,325,356,334,325,298,95,91
78,395,361,335,323,356,330,324,295,96,90
78,389,352,336,322,355,330,322,299,98,89
77,375,355,334,324,353,331,323,297,95,91
77,393,360,335,323,358,330,324,296,97,90
78,386,353,339,326,354,332,326,294,98,91
78,379,352,334,328,354,328,325,297,97,93
78,391,346,331,327,359,329,323,296,96,90
78,391,362,335,322,356,330,326,296,96,91
78,383,348,334,333,355,328,327,299,96,93
78,387,345,333,323,356,333,325,296,98,90
78,380,350,336,325,353,330,325,297,98,89
78,385,351,338,327,354,328,326,299,95,94
77,386,350,337,328,357,333,323,297,97,90
77,392,348,340,327,354,330,326,295,96,89
78,378,350,334,332,357,328,327,299,97,92
78,384,353,341,326,354,330,326,296,97,90
78,385,347,333,325,353,330,325,295,96,90
78,384,353,338,329,357,329,326,297,97,92
78,390,350,337,329,354,333,325,297,99,90
78,385,350,333,327,358,330,327,297,96,91
78,380,354,338,329,356,331,325,298,97,93
78,383,350,332,327,359,330,325,295,99,90
78,381,357,337,327,355,332,327,297,97,90
77,390,358,339,325,354,328,325,297,98,95
77,385,348,332,324,352,332,326,295,99,90
78,381,354,334,327,355,334,326,296,98,93
78,389,354,333,325,355,332,325,297,97,93
78,384,350,334,322,353,332,330,296,96,89
78,383,352,330,323,354,334,326,297,98,93
78,386,351,339,326,357,332,325,297,98,93
78,380,355,332,323,354,332,326,295,98,90
78,382,353,332,327,362,338,325,298,97,93
79,382,354,338,323,357,328,326,295,99,90
77,386,349,339,329,354,337,325,297,96,92
77,381,352,340,328,356,332,323,297,95,92
79,386,351,340,323,358,332,326,296,97,90
78,380,354,334,329,355,333,327,296,98,89
78,393,352,334,323,355,333,326,300,95,92
78,393,358,338,325,358,331,325,295,97,90
78,385,354,338,327,354,332,326,295,96,91
78,385,351,340,331,355,331,326,296,99,95
78,382,351,341,333,354,332,326,294,97,92
78,385,348,334,334,355,335,326,296,99,91
78,388,355,333,330,353,333,325,295,97,94
77,380,356,333,333,355,335,326,297,96,93
78,377,356,332,326,358,335,325,298,97,93
79,380,356,339,321,357,331,326,295,97,92
78,392,359,337,328,355,337,326,297,98,89
78,391,355,342,324,354,331,326,300,95,92
78,378,356,340,327,359,336,325,297,97,90
78,384,357,339,327,355,334,326,298,97,89
78,389,354,335,327,354,336,325,299,97,93
78,388,350,342,331,358,332,326,296,99,90
78,368,357,337,331,359,337,326,300,98,93
78,391,360,334,326,356,332,326,298,98,91
77,381,358,340,325,355,337,325,300,96,92
78,383,348,335,325,355,333,323,298,95,92
78,394,356,337,326,360,330,327,296,98,90
78,379,359,343,329,357,335,326,295,96,89
78,382,357,341,329,355,335,326,296,99,92
78,388,347,340,337,356,335,326,295,99,90
78,377,356,342,332,353,337,326,300,98,93
79,374,361,337,325,354,334,328,299,100,90
78,392,358,343,321,355,334,325,296,96,89
77,380,352,334,328,356,334,325,300,95,94
77,392,355,337,329,356,337,325,295,97,90
78,393,362,335,332,355,333,327,295,99,91
78,389,357,333,334,355,334,326,299,98,95
78,385,351,342,325,353,336,326,296,96,93
78,382,356,340,327,355,336,325,299,97,90
79,378,352,334,324,355,330,326,295,97,92
78,393,357,339,332,355,338,327,296,97,89
78,381,350,341,328,355,334,327,301,95,92
78,391,354,339,329,359,337,326,297,97,90
77,387,355,338,330,356,333,327,295,98,91
77,382,349,341,332,354,335,324,296,99,94
78,382,353,341,331,354,332,328,296,96,90
78,384,350,335,333,356,338,328,298,98,93
79,390,363,334,327,357,332,329,296,99,90
78,395,358,336,329,359,334,328,294,99,89
78,380,352,342,335,355,335,326,298,97,92
78,380,354,340,329,355,335,325,295,97,90
78,385,349,343,330,356,334,327,296,97,90
78,376,355,341,332,359,336,325,295,97,95
78,383,356,342,330,356,335,326,299,96,92
77,370,361,334,335,354,335,324,297,97,92
79,389,360,336,327,357,331,326,298,97,91
78,383,358,340,324,356,335,325,300,98,89
78,379,352,342,327,355,331,326,299,95,92
78,380,354,340,329,357,337,326,297,97,90
78,383,351,342,328,358,332,327,298,98,89
78,377,356,339,328,359,336,325,295,97,93
78,390,349,337,332,354,331,326,295,99,90
78,384,350,335,333,355,337,326,298,97,93
79,391,354,341,327,357,331,326,298,99,92
77,387,352,340,325,353,338,325,301,96,92
77,382,351,333,328,359,332,323,301,95,92
78,391,360,339,326,357,338,325,295,97,90
78,380,355,340,331,356,334,326,298,96,89
78,377,354,341,328,356,337,326,299,97,95
78,380,354,342,328,357,332,326,296,97,92
78,379,354,341,331,355,337,326,298,98,93
78,386,346,339,326,354,332,325,295,98,93
78,392,359,338,330,357,339,325,300,96,92
78,386,354,335,327,356,334,326,302,95,92
77,389,354,338,329,356,338,325,295,97,90
77,385,350,332,327,359,335,326,295,96,89
78,379,359,341,330,355,335,326,296,98,92
78,386,352,340,334,356,335,326,297,98,90
78,379,356,335,332,356,337,326,297,97,91
79,390,361,337,327,357,329,326,295,97,90
78,394,357,339,334,359,336,325,296,96,89
78,378,355,344,325,355,331,326,298,95,92
78,387,346,341,329,359,338,325,296,97,90
78,388,350,339,330,355,332,326,295,96,91
78,378,354,341,333,356,334,326,296,98,94
77,380,354,340,330,357,335,326,297,98,90
77,375,358,340,328,355,336,326,295,97,93
78,389,354,333,326,354,335,325,298,98,93
78,386,354,336,325,358,335,328,297,96,92
78,385,355,342,326,353,334,323,299,96,92
79,378,354,341,326,358,333,327,299,97,91
78,385,354,341,326,355,335,325,300,98,89
78,381,349,337,320,355,333,326,298,95,92
78,392,359,339,328,357,339,325,295,97,92
78,380,355,341,332,357,333,327,295,97,92
77,385,351,341,333,357,336,325,299,99,95
77,385,351,339,327,356,336,327,296,96,93
78,389,365,337,326,358,335,323,298,95,92
78,390,363,337,326,359,336,325,296,97,90
78,392,361,337,333,359,335,327,297,99,91
78,390,364,337,329,356,333,325,295,97,93
78,392,362,335,332,355,337,325,297,96,93
78,387,349,341,327,355,333,323,298,97,94
78,389,353,339,326,357,333,328,297,98,90
78,382,356,340,329,359,335,326,295,96,89
77,381,351,341,328,357,335,326,299,97,92
77,389,349,341,329,357,334,328,296,97,90
78,389,350,343,331,354,338,326,300,98,93
79,383,350,340,325,355,334,328,299,98,92
78,384,350,343,328,354,337,326,296,96,92
78,378,357,341,330,357,334,324,299,95,92
78,387,354,340,327,359,336,326,296,97,90
78,389,358,342,329,357,334,329,298,96,90
78,381,353,344,327,356,336,326,298,99,94
78,389,365,338,329,358,335,329,297,96,92
78,381,358,342,326,358,336,324,298,97,94
77,377,359,343,330,363,335,326,296,97,90
78,379,359,342,328,357,332,326,295,96,91
78,379,359,344,331,360,335,326,296,97,95
78,383,357,340,336,360,333,327,299,96,91
78,375,365,340,329,355,336,326,298,97,90
79,388,348,340,326,358,331,330,296,98,90
78,378,363,342,335,361,334,328,294,97,89
78,379,356,346,329,360,336,327,296,99,95
78,384,355,341,333,358,332,327,296,97,94
78,385,354,341,335,357,337,326,296,97,91
78,386,364,337,331,359,332,327,299,97,91
77,394,360,346,330,357,334,326,298,97,89
78,374,357,342,328,357,337,327,297,97,95
78,374,360,345,332,358,333,330,296,96,90
78,383,355,344,333,361,338,325,297,97,94
79,385,353,339,330,363,334,327,296,97,90
78,386,358,336,330,357,336,326,297,96,98
78,389,352,337,329,357,336,326,298,97,95
78,393,359,342,331,356,333,327,299,96,95
78,379,358,340,328,358,335,326,297,97,92
78,385,357,337,330,361,334,327,296,97,91
77,386,360,341,331,357,335,326,295,96,89
78,387,352,343,330,358,337,326,298,97,96
78,376,360,345,331,361,332,329,296,97,93
78,384,356,343,333,355,337,327,297,97,94
79,377,355,342,333,363,332,327,296,97,90
78,374,364,342,330,357,336,326,297,96,97
78,378,359,342,331,361,338,328,296,97,94
78,383,359,339,334,359,333,327,299,96,91
78,380,358,341,330,359,335,327,297,97,92
78,390,361,337,327,360,336,330,296,98,90
77,395,360,343,332,358,334,329,295,98,98
78,374,363,342,332,361,335,326,297,98,93
78,381,358,342,330,359,337,329,296,97,95
78,376,360,342,332,360,333,327,298,97,92
78,377,360,341,332,363,338,329,298,98,96
78,385,357,339,335,358,339,327,299,98,93
79,392,364,341,332,366,334,329,296,97,96
78,375,368,343,335,361,334,329,295,96,90
78,382,356,340,331,359,338,329,295,99,97
77,384,359,338,330,359,337,330,297,96,93
77,377,360,346,330,360,334,326,298,95,105
78,395,358,343,326,357,334,329,295,99,90
78,378,357,341,334,359,339,331,299,98,94
79,385,356,339,332,363,331,329,300,98,90
78,379,362,343,331,361,333,327,295,98,94
78,381,359,339,335,363,338,330,295,98,95
78,395,359,338,330,360,336,327,297,98,98
78,383,354,341,328,357,332,330,301,95,94
78,387,351,344,332,359,340,327,295,97,94
78,385,355,344,337,360,336,330,301,98,96
78,391,359,339,333,358,331,331,296,97,92
78,382,358,341,333,362,334,330,297,96,91
78,384,359,344,330,359,336,326,296,97,96
78,387,356,338,335,357,332,332,299,97,97
78,386,357,341,330,358,335,324,298,96,94
78,392,364,345,333,360,337,329,298,99,97
78,392,356,342,331,361,338,328,299,98,97
79,381,356,343,329,363,332,329,299,99,102
78,395,356,339,330,360,337,330,297,99,91
79,388,361,342,333,357,330,330,295,98,109
77,395,361,341,328,354,333,326,298,99,90
77,382,351,340,332,360,336,328,296,99,107
78,394,358,343,327,360,338,328,296,102,93
79,390,359,343,325,357,336,329,297,121,103
78,386,362,337,329,360,334,329,295,107,91
79,389,353,347,328,354,335,329,295,121,113
78,387,360,340,338,351,338,328,296,123,94
78,392,359,342,328,363,341,330,295,126,113
78,396,362,344,332,356,332,328,296,129,97
78,392,363,340,331,362,339,331,298,129,107
78,387,356,343,340,353,330,329,296,147,95
78,394,361,342,325,358,338,327,296,143,113
78,388,357,340,340,356,338,328,297,148,97
79,395,366,343,345,357,331,330,296,150,112
78,383,363,338,328,356,335,326,297,146,104
78,390,359,341,338,354,337,328,296,148,111
79,386,361,341,338,354,333,328,301,148,104
78,388,364,345,336,357,332,328,298,145,114
78,380,359,342,325,356,338,329,296,151,111
78,386,360,343,328,354,334,328,296,153,113
78,385,365,340,340,354,332,328,296,157,108
78,392,360,346,328,354,333,331,300,157,118
78,390,362,345,331,355,334,331,296,156,114
79,380,361,344,326,357,332,328,295,158,113
78,380,361,342,331,356,339,329,298,155,115
78,388,358,343,331,353,339,327,297,160,115
79,384,358,340,330,356,335,332,296,166,114
79,389,359,340,337,352,334,329,298,175,116
78,383,358,337,334,353,335,329,299,183,120
77,378,356,341,321,356,337,331,297,208,114
78,383,361,337,324,360,341,330,295,207,116
79,377,353,345,327,353,333,329,298,212,113
79,378,359,339,321,354,334,331,303,206,113
78,384,361,341,327,355,337,331,299,209,116
78,383,359,340,341,356,335,330,296,210,116
78,386,360,340,318,350,336,329,296,214,114
79,389,365,345,326,352,334,330,296,217,115
79,376,363,345,337,355,332,330,295,217,117
78,377,358,341,321,358,332,330,299,215,118
78,384,359,339,327,356,338,329,299,215,114
78,383,363,338,325,359,333,330,295,218,117
78,380,356,339,319,353,333,331,296,218,114
78,387,358,342,326,355,334,330,299,243,115
79,389,364,339,333,353,332,328,301,242,116
79,386,356,338,333,352,332,333,298,243,117
79,389,357,344,332,350,335,328,295,244,114
79,385,356,339,322,354,331,330,299,241,115
78,390,361,343,335,355,333,328,301,250,114
78,381,355,340,318,356,337,328,298,260,114
79,392,359,339,335,350,335,330,298,265,115
79,384,362,338,323,355,334,329,295,270,115
78,387,363,333,324,353,335,329,295,266,116
78,379,358,340,324,356,336,330,298,270,117
78,380,359,339,320,355,339,329,297,275,116
78,386,354,338,328,354,338,328,296,269,118
78,387,355,337,317,350,335,329,301,269,117
77,379,357,341,324,351,333,331,296,280,118
77,379,356,342,322,353,337,333,295,273,114
78,392,359,343,331,353,336,332,298,280,117
78,385,358,339,321,349,335,330,298,274,116
78,383,353,341,322,352,339,330,296,274,117
78,390,352,336,321,351,334,331,296,278,118
78,380,355,339,320,358,331,329,299,277,117
79,378,361,337,322,350,330,330,296,277,116
79,377,357,342,329,355,331,332,295,285,114
78,382,358,338,325,355,334,330,298,279,115
78,377,356,343,321,353,336,328,295,299,115
79,383,360,339,327,353,332,332,299,295,116
79,378,363,337,330,353,332,330,297,302,117
79,378,361,340,323,352,329,330,296,303,115
79,386,354,342,327,353,331,328,301,306,116
78,389,353,338,328,359,338,329,296,303,115
78,387,351,339,320,350,338,328,300,303,118
78,387,353,339,323,352,337,330,296,302,120
77,387,357,339,315,348,335,332,295,302,119
77,381,355,340,322,352,333,330,295,302,117
78,389,360,340,325,353,332,333,299,301,122
78,381,357,338,318,349,333,330,299,301,118
78,390,352,337,317,352,334,329,296,301,117
78,385,358,340,319,351,335,329,297,307,117
78,390,356,335,317,354,337,329,296,304,117
78,381,357,337,318,355,338,329,296,302,117
79,389,358,340,321,352,337,328,296,301,116
78,384,361,338,318,353,335,329,296,301,114
79,394,354,340,320,350,336,330,295,303,115
79,385,356,341,321,350,335,330,295,305,115
79,383,364,337,323,353,332,331,299,302,117
79,381,358,340,319,353,333,330,295,301,115
79,388,356,338,321,353,334,332,297,302,120
79,384,358,340,323,354,337,331,296,306,116
79,386,359,338,321,349,337,330,296,302,115
79,382,357,341,321,356,335,329,300,302,114
78,381,363,338,329,356,332,328,298,302,119
79,387,357,337,323,352,333,330,298,306,118
79,381,362,335,319,354,332,331,299,303,114
79,379,365,336,322,351,332,331,296,306,115
79,378,357,342,321,353,336,330,299,304,118
79,384,358,340,328,356,335,332,295,306,115
79,390,360,339,339,350,329,330,296,305,115
79,386,359,340,323,356,331,331,299,306,116
78,386,362,340,331,352,339,330,296,304,116
77,381,361,345,320,353,337,333,295,306,117
78,379,358,342,319,349,333,330,298,304,119
78,392,359,346,324,352,334,330,299,308,120
78,379,357,342,320,354,337,329,296,305,117
79,389,361,341,323,356,335,330,297,303,118
79,388,363,333,323,352,335,329,296,305,115
79,387,359,337,318,355,334,332,299,303,116
79,389,358,337,324,350,337,332,299,302,118
79,380,361,343,332,354,337,331,296,304,114
78,392,361,343,329,353,334,331,303,312,117
79,383,356,337,324,350,333,331,299,304,115
79,376,359,341,323,353,332,331,296,305,115
79,384,355,338,325,351,334,331,299,305,117
79,382,357,340,329,356,336,332,296,306,119
79,383,362,341,336,355,330,334,299,310,116
78,387,352,340,332,355,336,330,299,307,115
78,390,359,340,325,351,336,331,297,306,120
77,378,357,341,321,355,333,331,298,304,118
77,382,361,338,325,355,332,333,300,307,119
78,379,362,340,320,356,336,330,299,306,119
79,392,355,341,328,357,335,330,296,307,115
79,389,360,338,324,355,332,330,298,308,115
79,379,358,339,323,355,334,330,299,302,117
79,385,358,340,329,354,336,330,302,307,117
79,388,360,338,330,351,336,330,308,304,115
79,385,356,337,333,355,332,331,303,306,119
78,385,354,342,332,357,338,331,306,310,119
78,393,361,347,336,357,331,332,296,311,118
78,387,356,338,326,357,335,331,311,309,118
78,386,359,346,330,353,332,331,297,306,118
78,390,355,339,324,355,335,330,310,305,117
79,386,357,340,328,355,339,330,298,307,115
79,393,359,345,329,353,334,332,320,308,115
79,379,362,343,336,358,336,329,299,305,114
79,391,355,338,333,352,333,331,320,305,115
78,388,357,338,333,355,335,331,298,307,118
79,386,357,341,345,351,331,331,319,314,116
78,380,356,339,327,358,334,331,297,307,117
78,385,357,341,324,357,337,331,315,309,118
78,382,359,339,336,362,335,333,297,309,120
79,391,356,340,339,354,335,330,315,305,115
79,387,359,340,340,352,337,330,307,312,116
79,385,364,344,334,358,335,330,318,321,115
79,384,358,339,348,354,333,331,308,308,116
78,391,360,345,335,357,334,331,318,305,116
78,379,359,341,330,360,336,331,305,304,119
79,388,356,340,334,356,336,332,314,314,119
79,388,358,339,346,353,334,332,312,306,119
79,393,354,340,330,357,337,331,319,309,114
79,383,354,345,349,354,333,332,315,307,117
79,383,363,343,337,356,332,331,314,311,118
78,389,363,343,325,356,339,331,318,308,118
77,383,359,340,328,359,333,332,320,314,118
78,392,358,347,329,358,335,330,316,304,119
79,388,358,344,335,358,339,334,317,312,114
79,379,357,344,337,358,331,334,319,308,118
79,382,353,346,347,357,332,334,320,312,116
78,387,357,343,333,357,339,333,319,307,117
79,390,363,345,332,355,336,333,317,307,121
79,387,360,339,330,358,335,330,320,314,120
79,390,354,340,334,358,338,331,322,305,116
78,385,358,343,344,354,334,333,319,312,116
79,382,361,344,340,356,329,331,312,310,118
78,389,365,339,331,354,338,332,322,305,119
79,383,360,340,346,357,336,331,319,308,115
79,393,356,339,344,354,333,332,319,311,115
79,389,359,346,334,356,335,329,319,309,116
79,383,359,339,348,358,336,334,320,310,116
79,391,362,345,333,359,333,333,321,307,122
77,387,354,341,330,354,334,331,318,309,118
78,387,356,337,347,356,338,330,316,314,118
79,385,361,340,341,354,336,330,321,307,117
79,385,363,337,346,355,333,331,319,309,118
79,386,360,344,342,355,333,332,320,311,118
79,391,359,341,331,358,338,333,319,311,117
79,383,353,344,342,357,335,335,324,308,118
79,394,357,341,338,358,334,333,319,315,119
79,391,362,347,339,356,333,331,323,309,117
78,386,364,345,337,354,334,331,318,311,116
79,379,362,339,343,362,336,331,325,311,118
79,390,356,344,339,353,335,337,323,317,118
79,383,362,340,333,361,334,334,319,319,116
79,391,357,343,337,354,336,330,321,317,120
79,389,364,347,337,356,333,333,320,312,117
79,380,358,340,340,359,339,334,320,314,123
79,391,357,344,330,356,336,332,320,310,118
79,385,360,341,330,357,334,333,318,314,120
78,385,360,339,332,356,340,331,322,320,119
79,392,364,347,330,356,336,334,319,309,116
79,387,366,347,337,362,336,331,318,315,119
78,382,357,343,344,355,335,332,320,310,117
79,387,357,341,332,360,334,330,319,307,118
79,395,357,341,340,359,338,331,322,318,119
79,389,354,337,350,355,339,333,316,312,117
79,391,364,344,339,356,334,332,320,306,117
77,386,360,343,339,359,333,333,323,310,119
79,388,356,340,342,359,334,330,318,315,115
79,394,361,340,335,358,337,331,322,306,118
79,384,354,340,333,354,333,336,319,322,119
79,386,361,349,342,358,331,331,324,308,117
78,393,360,344,337,359,333,331,323,310,120
79,385,354,340,327,359,339,332,318,317,119
79,385,358,339,345,355,340,333,320,311,115
79,382,364,338,349,354,333,334,319,311,118
78,386,358,345,342,358,330,333,320,315,116
78,391,355,343,333,352,339,331,320,307,121
79,389,356,341,343,356,338,332,320,312,119
79,391,361,341,333,353,337,331,319,314,117
79,385,361,339,345,360,334,330,319,317,117
79,378,360,340,346,353,335,333,321,319,119
78,389,353,339,344,356,341,337,321,313,119
79,385,364,345,336,358,339,333,319,305,118
78,384,352,344,339,358,334,333,322,311,118
78,383,359,342,346,357,333,330,323,316,116
79,390,362,342,335,355,335,332,320,318,117
78,387,359,345,335,359,338,335,321,315,119
79,380,359,339,332,361,338,331,318,308,117
79,390,357,344,336,351,333,333,319,307,117
79,385,362,340,343,356,338,330,322,306,115
79,388,362,347,334,356,338,333,320,310,115
79,384,360,339,345,356,332,333,320,311,118
77,380,361,340,332,357,337,333,320,312,118
79,393,357,337,335,358,341,333,319,309,118
79,381,358,341,343,356,336,332,320,314,117
79,386,358,337,346,358,333,332,317,310,116
79,383,358,343,341,353,334,332,319,308,118
79,388,362,340,333,358,335,333,319,314,122
79,389,353,342,343,354,336,333,320,316,118
79,392,360,340,338,357,334,332,319,307,115
79,391,359,342,337,354,336,330,322,322,117
78,383,362,344,339,357,336,333,319,308,116
79,383,358,341,344,361,334,335,320,318,118
79,387,354,340,345,353,336,335,319,319,123
79,381,361,341,344,358,334,335,321,310,115
79,388,359,339,331,355,339,330,321,315,120
79,388,358,340,346,352,339,333,321,312,120
79,383,361,345,338,360,334,333,320,309,123
79,387,358,340,345,356,337,333,320,318,119
78,383,362,339,346,356,333,332,319,313,119
79,391,359,346,339,360,333,332,323,315,118
79,383,356,340,346,353,334,333,322,319,118
78,391,361,346,340,354,337,331,320,309,118
79,390,362,341,332,355,340,333,320,308,118
79,392,359,341,336,357,337,333,321,313,116
79,379,362,346,335,359,333,332,323,310,115
79,379,357,343,349,357,334,333,319,311,115
79,388,362,340,334,355,334,333,320,313,121
77,385,360,345,330,356,334,332,322,311,117
79,381,364,344,334,356,336,332,320,320,119
79,387,359,344,339,357,338,330,323,310,116
79,383,360,345,341,359,336,333,320,318,120
79,380,359,338,347,361,336,332,319,309,119
78,388,356,344,340,359,334,332,321,315,117
79,388,353,342,344,357,333,332,318,313,121
79,395,362,346,338,355,337,331,324,327,117
78,388,361,348,339,357,334,336,320,315,119
77,393,359,346,333,357,336,332,324,312,119
79,393,360,343,331,357,338,333,320,317,117
79,389,359,338,342,354,339,333,321,318,116
79,392,364,345,339,354,335,334,319,316,120
79,384,360,339,345,356,336,337,321,328,124
79,378,361,341,344,357,335,335,323,308,118
79,386,357,339,335,361,333,331,321,310,118
79,383,354,341,327,357,341,333,321,315,119
78,381,357,342,350,356,337,336,322,315,120
79,392,361,345,339,359,335,337,320,320,120
79,386,361,345,339,357,339,333,325,320,117
79,384,359,340,334,360,338,334,321,316,115
79,386,361,345,339,356,335,333,320,317,117
79,381,362,339,346,357,333,333,321,323,117
78,392,360,344,338,359,335,333,322,318,120
79,393,355,338,342,362,336,339,321,326,119
78,393,353,338,344,358,338,331,326,321,118
78,388,358,344,336,356,335,333,324,319,118
78,386,360,341,337,358,339,339,322,323,120
79,385,357,341,345,359,340,335,325,322,116
79,384,363,340,344,359,337,330,324,309,118
79,388,351,345,349,358,336,337,323,328,121
79,382,361,342,342,360,340,337,322,314,121
79,397,359,346,341,353,340,333,326,321,115
79,390,360,344,340,358,338,332,324,311,116
78,387,354,339,349,357,338,334,322,327,116
79,384,358,339,345,362,336,339,322,328,124
79,380,356,340,334,358,338,334,321,323,117
79,389,357,346,339,356,340,334,321,320,118
79,386,362,343,340,357,334,334,320,325,120
79,390,362,346,347,357,336,333,322,317,119
79,387,357,340,346,357,338,335,325,327,117
79,390,357,343,339,357,337,353,324,328,122
78,387,358,336,349,354,339,336,322,324,116
78,382,359,345,339,363,339,338,326,315,118
79,387,356,343,343,357,340,336,324,326,117
79,391,363,349,339,357,337,336,324,326,121
79,386,363,346,337,354,335,333,322,319,118
78,385,358,343,344,359,339,350,323,329,123
79,392,354,341,345,360,336,335,326,320,119
79,385,359,345,341,359,335,331,322,324,119
79,379,360,344,348,357,335,334,320,323,117
77,391,363,350,342,358,335,332,322,323,118
79,394,356,344,336,357,339,341,322,321,118
79,384,362,345,342,362,334,336,321,328,116
79,388,357,344,347,358,335,336,323,317,115
78,386,360,344,342,360,337,344,321,323,118
79,396,356,341,343,358,341,336,324,322,117
79,391,358,343,341,356,331,344,323,327,119
79,385,361,346,344,360,337,358,323,324,123
78,392,352,340,346,360,339,336,327,330,117
79,396,362,346,342,357,337,331,327,325,119
79,395,360,350,348,358,334,335,323,328,119
79,393,363,347,342,360,338,343,323,324,119
79,392,355,340,344,357,339,333,322,319,114
79,390,360,347,346,354,338,356,322,330,116
78,389,362,340,340,360,338,351,323,327,122
79,392,357,339,344,361,340,340,321,326,114
79,388,364,342,339,358,336,345,324,333,122
78,391,358,345,341,364,338,338,326,326,119
79,381,358,347,340,358,339,336,323,327,117
79,390,355,345,342,361,339,355,328,327,118
79,389,364,347,351,354,335,335,325,321,119
79,392,364,347,342,357,337,345,324,326,115
79,394,358,341,340,355,339,335,324,322,117
79,387,358,344,340,357,336,338,322,328,118
79,387,360,346,343,360,337,356,324,324,126
78,390,354,341,345,358,338,335,325,332,119
79,383,363,347,338,360,339,332,326,319,118
79,390,360,344,343,357,334,340,323,330,118
79,392,363,347,346,357,339,337,322,323,120
79,389,360,345,340,361,336,345,327,326,115
79,380,356,348,346,358,336,359,324,330,120
79,390,358,343,339,360,341,346,323,326,120
79,386,358,345,339,361,340,335,322,324,115
78,381,360,340,334,357,337,336,325,327,116
78,383,361,344,341,356,336,360,321,331,118
78,381,365,343,339,360,337,335,325,325,119
79,387,357,343,342,358,340,355,324,328,121
79,390,360,347,345,355,336,334,321,318,117
79,380,363,345,345,361,337,348,321,326,119
79,379,355,348,346,358,340,355,325,331,122
79,394,362,344,341,358,337,336,323,325,118
79,383,359,341,346,356,337,354,324,330,121
78,389,364,345,342,357,336,358,323,331,121
79,389,362,341,339,360,338,333,326,326,118
79,383,357,339,348,361,337,348,325,331,117
78,391,356,340,342,357,338,347,325,314,120
79,393,363,342,338,356,336,342,324,326,116
79,388,368,340,338,360,338,343,324,327,118
79,384,356,345,341,359,335,345,323,328,123
79,380,356,342,337,362,341,353,323,326,121
78,390,355,344,342,357,341,334,325,329,119
79,379,367,340,347,359,338,345,323,327,119
78,383,356,345,344,362,337,349,325,330,122
79,381,359,343,349,362,340,355,324,327,119
79,385,358,348,341,357,337,340,325,329,120
79,386,355,344,341,362,339,343,324,321,125
79,381,357,341,337,363,342,335,325,325,121
79,384,360,344,344,361,339,338,326,319,120
79,377,359,343,352,356,337,347,322,334,121
78,393,361,343,344,358,339,357,327,330,124
79,382,359,345,344,358,340,334,324,322,123
79,375,359,343,352,356,336,351,328,329,125
79,391,360,343,347,357,335,352,324,328,125
79,383,364,345,343,357,341,335,327,330,125
79,381,358,345,348,356,337,350,324,328,124
78,374,361,343,350,359,339,346,323,327,130
79,392,354,342,344,358,337,337,326,319,126
78,378,362,345,346,358,333,339,327,329,126
79,372,360,346,348,362,336,334,323,326,130
79,374,359,344,335,358,336,345,325,332,128
79,378,359,342,335,359,341,346,324,330,130
79,371,365,347,348,357,338,338,328,332,134
79,371,362,343,350,356,339,353,324,329,151
79,374,362,342,337,357,339,338,324,329,151
79,371,359,350,353,356,334,344,324,333,153
78,381,362,341,336,359,337,357,325,331,162
78,367,359,342,335,362,337,355,327,332,173
79,374,357,342,333,363,335,341,326,331,176
79,376,357,343,331,359,337,334,326,330,177
79,369,363,344,352,357,338,334,328,332,175
79,371,366,347,347,357,337,338,323,330,175
79,376,362,342,329,362,338,335,325,330,176
79,373,357,341,335,357,335,352,323,330,181
78,371,360,347,333,359,337,347,328,330,179
78,363,358,342,336,360,332,335,326,332,183
79,358,363,347,334,359,340,333,326,328,182
79,363,364,343,334,358,333,343,328,332,186
79,357,365,353,329,362,335,338,326,334,184
79,366,357,344,334,358,337,347,327,331,186
79,364,367,347,330,364,336,338,323,332,185
79,357,361,341,334,358,334,339,325,330,188
79,364,365,346,332,364,337,334,325,330,186
78,356,356,347,338,354,333,338,323,332,186
79,356,349,343,331,358,338,333,323,332,197
79,360,362,339,334,360,334,338,324,330,213
79,357,363,340,335,361,334,337,326,335,225
79,364,357,346,335,360,339,333,326,332,234
79,359,361,345,331,359,336,334,324,333,234
79,361,361,340,332,357,338,336,323,331,235
79,354,349,343,331,357,332,337,325,333,235
78,363,356,351,333,356,337,334,324,329,240
79,355,355,337,330,353,338,331,330,330,241
79,356,356,341,330,356,341,338,325,328,235
79,361,359,339,334,363,339,340,326,332,242
79,355,363,338,329,359,337,333,324,330,244
79,360,351,341,336,357,338,334,324,329,243
79,350,353,341,336,358,332,335,326,330,246
79,356,354,341,333,358,333,336,326,332,246
79,353,358,342,333,357,336,336,323,333,243
79,357,352,340,330,355,337,334,324,332,246
80,352,348,346,340,355,336,353,326,335,244
79,361,356,345,333,360,336,332,324,330,248
80,355,351,342,336,355,338,338,328,333,262
79,356,351,342,334,357,338,335,324,330,272
80,345,358,339,335,357,333,343,323,333,268
79,353,353,342,332,355,336,332,326,332,271
79,341,355,341,334,353,335,341,322,334,270
79,355,354,341,332,355,336,333,326,330,296
79,343,355,347,332,356,332,333,323,330,293
79,348,354,343,330,358,339,336,324,332,295
79,355,360,341,330,358,336,336,323,329,297
79,346,355,343,327,352,335,331,323,332,297
79,349,355,341,334,355,337,337,326,331,295
80,348,351,346,333,357,336,342,324,335,295
78,348,355,341,329,361,336,334,325,330,300
79,355,350,341,333,358,332,333,323,331,299
79,345,355,343,331,355,339,334,326,332,303
79,349,349,342,330,353,336,338,323,329,301
79,346,354,346,327,357,335,333,323,334,300
79,349,356,343,335,356,340,337,324,332,302
80,335,359,342,335,358,333,333,326,335,304
79,352,353,344,334,358,335,334,325,330,306
78,343,358,342,330,357,341,339,326,329,307
79,342,356,345,329,353,333,332,323,332,306
79,345,359,342,329,355,335,335,325,332,306
80,332,356,347,333,356,336,335,324,334,303
79,337,356,342,336,355,337,333,326,332,309
79,331,358,343,334,356,333,333,324,330,315
79,326,352,342,331,357,339,334,324,329,326
79,317,355,344,332,359,340,332,325,329,325
78,318,356,343,332,356,334,332,323,332,328
79,318,355,347,332,355,338,335,325,332,332
80,318,361,340,345,354,336,333,326,335,328
79,305,358,347,335,356,334,332,323,330,330
79,311,352,347,335,355,332,335,323,330,332
79,313,354,345,332,355,339,335,328,330,330
79,316,357,344,330,355,335,332,323,330,332
80,311,356,346,333,355,332,334,324,334,328
78,305,359,347,334,355,341,332,323,331,333
80,311,354,348,337,353,335,333,326,334,329
79,306,358,340,340,355,334,334,324,330,331
79,298,362,346,336,355,332,335,323,330,334
79,307,357,348,333,352,339,334,326,330,330
79,300,359,344,336,357,338,334,323,329,332
80,301,359,347,335,362,334,337,325,333,331
79,301,354,343,335,355,339,335,324,331,331
79,295,363,341,334,358,338,335,324,333,334
79,304,359,348,337,353,334,337,326,332,331
79,296,361,348,339,359,334,335,326,330,333
79,293,357,339,326,353,339,334,324,329,331
79,300,355,345,334,354,335,333,323,330,336
79,303,364,342,333,357,338,331,328,331,333
79,300,363,349,335,356,334,336,323,329,333
80,293,361,344,341,356,335,334,328,332,333
78,295,361,346,341,352,338,335,324,332,336
79,293,362,348,339,356,333,333,323,333,340
79,293,361,338,336,355,335,338,326,332,340
79,288,357,348,333,356,335,333,326,332,348
79,287,360,340,331,351,338,334,326,332,343
79,294,351,346,338,355,335,334,324,329,346
80,286,356,344,336,359,332,334,325,332,332
79,289,354,343,329,358,334,341,324,330,352
79,282,356,350,333,356,337,334,328,332,339
79,287,363,342,335,355,338,335,324,330,341
79,281,358,341,330,357,333,333,326,335,333
79,279,359,342,329,355,336,341,327,330,345
79,271,359,346,334,357,331,335,323,333,335
79,273,360,342,336,353,336,339,326,330,348
79,258,352,343,328,355,335,336,328,333,353
79,266,355,345,343,356,336,337,324,330,340
78,270,360,346,334,356,333,333,326,332,352
79,264,363,343,340,357,335,333,327,330,341
79,225,359,336,327,357,335,344,327,334,355
79,227,361,339,329,354,338,344,326,331,346
79,230,356,339,329,359,339,334,325,332,350
79,232,355,343,328,357,335,336,324,329,342
79,228,361,338,327,356,338,334,325,329,353
79,231,356,340,331,356,333,334,326,332,344
78,221,356,340,333,357,339,359,330,332,356
79,222,361,336,333,356,336,342,325,333,350
79,229,356,339,331,357,339,355,325,333,350
79,226,359,340,327,360,332,337,326,332,347
79,219,359,344,330,356,338,344,325,330,348
79,211,360,345,333,358,339,334,325,330,348
79,211,360,342,337,353,336,359,327,331,355
79,215,359,342,335,357,339,357,327,332,354
78,213,360,341,337,357,338,357,324,333,350
79,211,355,342,348,355,339,349,329,332,354
79,212,361,341,335,357,334,351,327,332,340
79,208,353,341,333,362,336,356,326,330,357
79,201,358,340,336,362,338,340,327,333,349
79,205,358,342,331,355,337,357,328,332,358
79,208,355,344,344,358,337,356,325,330,357
79,200,357,338,335,358,338,335,329,333,352
78,205,359,342,333,360,338,355,327,332,352
79,199,364,343,350,357,337,357,330,332,353
79,197,366,341,333,358,334,336,326,329,353
80,187,363,345,335,358,340,355,328,331,356
79,190,358,341,340,356,338,356,328,331,355
79,186,365,341,336,357,340,355,326,330,350
79,185,358,345,345,356,338,354,326,333,353
79,185,362,342,342,359,341,357,328,331,354
78,189,356,344,336,360,340,349,325,332,352
78,177,360,347,343,361,339,358,328,330,357
79,181,350,353,345,356,339,343,327,330,358
79,178,359,345,347,355,337,358,324,335,354
79,182,355,349,340,359,341,358,327,331,357
79,179,360,345,342,361,338,354,325,334,359
79,174,356,350,341,360,339,356,327,331,356
80,171,358,350,342,364,340,356,327,331,359
79,173,348,348,346,365,337,356,325,330,358
78,178,352,349,346,358,339,356,328,330,356
79,168,352,349,340,360,337,358,328,332,355
79,171,359,350,344,360,338,355,325,330,358
80,170,353,345,342,359,340,356,327,333,359
79,165,353,347,347,362,337,356,325,333,357
79,165,353,350,341,358,340,358,326,330,356
79,166,368,350,341,360,337,355,330,332,356
79,155,355,344,342,364,341,359,325,330,358
78,170,356,348,344,358,340,357,327,333,358
79,150,354,344,351,358,339,356,325,333,359
79,169,355,346,344,359,342,358,327,331,358
79,150,357,351,343,360,340,354,325,332,358
79,142,355,343,336,359,338,356,325,332,356
79,141,360,341,333,367,340,356,325,333,359
79,147,355,341,334,361,340,355,328,333,356
79,144,358,342,340,363,338,357,327,333,360
78,134,362,344,338,357,340,355,327,331,358
77,144,356,348,336,359,340,357,329,333,361
79,118,362,344,338,361,339,357,328,335,356
79,125,356,344,334,363,341,359,325,330,359
79,133,359,344,336,366,340,356,326,330,358
79,126,356,342,334,360,342,355,327,332,357
79,119,360,344,337,361,338,356,325,332,359
79,118,357,343,338,359,340,356,331,331,359
78,119,359,346,333,368,342,356,325,334,360
78,115,363,347,343,359,337,356,326,332,357
79,119,360,342,335,370,339,358,328,330,358
79,114,358,348,336,360,341,358,326,330,358
79,114,363,343,336,370,339,356,330,333,358
79,114,363,343,338,361,339,356,325,333,359
79,117,363,346,333,370,342,358,325,330,360
79,111,363,343,336,360,343,356,329,332,359
79,114,363,343,335,376,337,356,325,336,356
78,113,355,343,342,360,339,355,328,332,358
79,113,362,343,335,371,341,360,329,333,359
79,116,355,344,341,367,341,355,328,331,359
79,113,354,346,343,374,340,358,325,335,357
79,114,361,347,339,373,340,355,325,330,359
79,109,358,346,344,375,343,357,327,331,359
79,109,354,345,338,371,338,357,325,335,356
79,109,357,346,342,373,339,359,326,333,361
79,107,360,348,340,370,344,359,327,331,359
78,99,366,343,340,375,341,357,330,333,357
79,112,358,349,349,380,339,357,327,334,357
79,109,357,346,342,377,342,356,331,332,359
78,107,360,346,342,375,340,355,326,332,361
79,102,364,345,339,370,340,358,326,332,357
79,102,360,344,343,370,339,358,331,332,359
79,101,357,348,347,370,341,358,327,332,357
79,91,361,343,347,376,342,355,331,334,357
78,103,359,351,347,367,338,358,325,333,359
79,93,351,347,347,373,342,359,326,331,359
79,101,362,345,342,374,341,359,330,336,358
79,104,359,347,341,372,343,355,326,336,360
79,102,365,345,344,369,340,356,325,336,361
79,103,359,348,342,380,341,356,325,333,360
78,89,356,350,348,371,341,357,327,334,362
79,97,363,346,348,384,338,358,327,333,360
78,93,368,347,349,374,340,358,328,335,360
78,96,359,347,347,381,341,358,327,333,361
78,91,354,345,340,370,340,355,326,336,363
79,92,353,349,343,377,343,356,330,333,359
79,79,356,349,340,375,338,357,327,333,359
79,75,353,349,343,375,341,357,330,332,361
79,75,351,351,342,378,344,360,330,333,358
78,77,358,347,339,370,342,356,328,333,363
79,74,358,349,345,378,342,356,329,336,357
78,62,359,350,349,374,343,358,329,337,357
79,70,352,346,347,370,340,356,328,334,362
79,64,356,350,348,371,344,359,327,335,359
79,71,352,348,347,376,341,357,331,332,359
78,60,357,351,347,376,345,356,326,339,363
79,65,349,350,344,375,343,356,328,334,359
79,62,353,347,351,374,343,359,327,340,358
79,67,356,350,346,374,342,355,330,332,361
79,64,355,353,348,380,347,358,328,342,360
78,63,352,347,345,371,342,358,330,332,360
78,62,354,344,348,373,345,356,326,341,364
79,61,350,350,343,373,362,355,329,334,358
79,63,352,348,349,372,338,358,329,342,356
79,63,359,348,347,373,340,357,332,334,360
79,62,358,356,344,381,342,356,329,344,361
78,60,343,352,350,377,344,357,331,333,361
79,62,355,350,344,372,343,357,330,343,361
78,64,354,344,345,375,343,357,329,336,357
79,60,353,349,349,372,341,358,328,342,359
79,65,357,351,345,372,357,358,328,337,360
79,61,356,348,347,374,342,359,327,338,359
78,56,349,352,350,377,342,355,329,330,357
79,70,356,348,344,375,343,355,330,335,360
79,59,351,351,347,375,342,356,328,340,356
79,64,351,349,348,375,339,358,328,342,359
79,57,347,355,349,373,341,357,329,338,362
78,61,357,357,346,374,342,359,330,333,360
78,65,352,343,350,377,345,359,326,337,360
79,71,355,353,340,376,343,357,332,338,358
79,58,349,355,347,374,340,355,329,339,358
79,61,355,349,345,374,342,357,329,335,360
79,65,353,347,349,374,344,360,328,342,362
79,67,353,350,346,375,341,356,329,332,361
78,61,347,351,348,379,354,357,328,343,363
78,68,354,348,341,375,343,355,330,334,358
78,57,349,349,354,371,343,357,331,344,357
79,61,356,350,347,371,341,355,330,335,360
79,56,350,352,353,380,340,358,327,340,360
79,61,355,348,346,377,341,360,331,333,358
78,58,350,349,348,373,350,357,332,343,363
79,58,350,351,343,379,347,355,330,333,358
79,55,357,348,349,371,339,359,329,350,357
79,53,348,348,351,376,342,359,330,334,360
78,60,350,344,355,372,341,360,331,341,360
79,63,359,348,349,375,344,358,330,334,358
78,52,350,349,354,374,346,356,332,340,361
79,63,354,354,341,379,344,356,328,339,357
79,57,354,348,350,374,343,357,330,347,358
79,63,351,350,348,377,345,358,330,335,360
79,56,350,355,346,373,342,357,331,339,360
79,61,356,348,349,377,361,357,328,335,359
77,52,352,345,350,378,344,356,328,338,364
78,74,356,350,347,379,343,356,327,341,356
79,55,349,358,346,373,346,359,330,341,357
79,57,348,354,348,373,342,356,328,340,361
79,56,350,351,343,378,342,356,329,336,363
79,56,350,350,352,373,344,359,331,339,360
78,62,357,350,341,375,340,358,329,335,360
79,54,349,355,344,376,341,355,329,344,357
79,62,353,350,349,372,342,357,330,337,356
78,56,351,356,350,379,357,360,331,341,360
78,58,357,349,345,374,346,357,330,334,360
78,58,349,354,351,381,344,355,327,343,360
79,68,348,348,344,375,343,355,332,332,359
79,61,348,353,348,373,343,357,327,348,359
79,54,350,349,349,375,339,359,328,335,358
79,54,349,346,355,378,340,357,327,345,358
79,57,357,350,347,377,344,356,328,334,362
79,49,349,357,351,372,342,358,329,344,358
77,67,355,347,342,373,340,355,329,333,361
79,63,353,344,343,374,343,356,328,345,357
79,60,348,347,350,373,346,358,329,336,358
79,69,358,350,345,372,340,357,330,340,360
79,59,356,350,352,376,342,358,330,336,362
79,59,355,348,348,374,343,358,329,346,359
78,54,348,347,351,373,344,358,327,335,364
79,66,355,352,341,374,345,354,330,342,358
78,54,349,348,356,373,340,358,330,341,356
78,62,353,349,347,374,348,357,330,342,363
79,66,357,352,343,376,345,356,327,344,360
78,54,351,354,349,375,343,357,331,343,362
79,53,349,347,350,374,362,356,332,342,357
79,66,355,342,347,376,340,357,331,340,359
79,55,350,350,351,374,346,355,330,339,362
79,55,346,355,350,374,340,359,329,339,363
79,58,350,350,343,376,344,359,326,341,362
77,56,353,348,349,374,341,355,330,338,362
79,53,349,344,353,371,349,356,330,338,361
79,62,355,345,345,376,343,356,329,340,359
79,58,350,348,349,376,348,359,329,342,360
79,51,350,346,355,373,341,358,332,334,360
79,57,350,351,353,373,343,357,328,348,359
78,64,356,346,345,380,341,356,329,334,359
79,56,349,351,347,373,345,359,331,345,357
79,55,351,353,347,375,343,356,329,340,360
78,52,347,343,349,371,354,358,327,347,359
79,50,351,356,351,371,352,358,330,337,360
79,54,350,352,348,376,343,357,328,345,360
78,51,351,354,348,375,349,360,330,337,359
79,58,347,354,347,373,345,356,331,340,358
79,56,352,352,348,375,343,356,330,338,360
79,53,345,347,355,376,343,358,329,347,360
79,62,356,347,346,372,340,358,332,333,360
78,62,358,356,343,378,344,357,326,347,363
77,61,357,349,344,373,357,360,329,343,361
79,59,351,351,341,373,342,355,330,348,357
79,53,356,344,349,376,346,361,331,344,358
79,55,348,351,350,373,338,356,328,345,360
79,64,362,355,346,376,344,358,327,344,359
79,59,354,347,346,374,341,358,332,341,359
79,61,352,349,343,376,362,358,329,338,358
79,52,353,354,347,376,341,356,328,339,357
78,55,347,348,351,376,346,358,326,349,358
79,57,348,349,351,371,340,359,329,342,361
79,62,349,346,342,375,346,356,329,346,360
79,57,351,348,348,374,341,359,332,335,359
78,56,348,347,347,375,351,355,331,345,361
79,61,347,352,345,375,347,353,332,339,357
79,55,352,353,353,371,349,358,327,349,359
79,58,345,349,349,373,344,359,330,336,360
79,62,353,350,350,373,346,356,328,346,359
77,64,356,353,345,374,354,357,329,335,361
79,56,348,351,345,375,345,355,333,350,360
79,55,351,349,348,375,365,360,330,337,356
79,54,347,353,351,371,345,357,331,350,359
79,52,348,359,347,374,343,358,329,339,360
79,51,349,348,350,374,342,359,330,346,359
78,56,347,346,349,376,341,359,329,337,364
79,57,352,353,344,373,348,356,329,349,358
78,58,350,348,349,375,358,358,328,342,358
79,53,351,348,349,375,340,357,329,345,363
79,59,352,347,348,373,359,358,329,337,361
78,66,353,351,347,380,346,356,333,343,361
79,60,357,351,339,377,345,355,332,341,357
79,56,353,347,349,375,340,357,330,349,358
79,58,346,351,348,376,340,356,329,345,361
79,54,349,356,344,375,340,358,330,342,361
79,56,350,346,349,378,344,361,331,340,358
77,53,350,352,349,371,344,356,331,340,363
79,48,351,348,349,373,349,357,330,343,357
79,53,354,355,349,369,342,359,330,341,356
79,56,350,347,351,381,349,355,330,344,358
79,55,346,350,356,373,343,358,330,339,361
79,60,356,352,348,386,347,359,328,351,359
78,54,347,352,345,372,345,356,329,337,364
79,57,352,352,346,375,351,354,330,345,359
78,54,351,353,350,374,350,358,329,339,358
78,57,355,345,350,373,340,357,329,349,360
79,69,356,356,345,384,353,358,329,339,359
78,54,350,349,345,372,357,359,330,349,361
79,57,351,352,345,374,345,356,331,341,358
79,53,350,348,347,375,350,358,330,351,360
79,56,349,350,350,379,344,358,330,339,362
79,64,355,357,346,375,348,357,328,351,357
78,55,348,348,349,378,342,355,330,338,361
78,54,355,352,349,373,345,355,335,348,358
79,51,356,350,349,374,358,359,331,343,360
79,53,352,348,353,376,340,358,332,349,359
79,59,352,348,342,372,362,356,332,342,359
79,54,349,350,350,372,341,360,332,348,358
79,57,353,349,345,374,347,358,331,343,360
79,58,348,356,346,375,343,356,329,349,356
79,57,344,343,347,376,349,360,329,344,359
78,54,349,353,350,373,364,358,330,348,360
78,57,361,353,347,379,344,358,329,346,360
78,52,352,351,343,376,347,356,328,348,360
79,56,350,358,343,376,348,356,332,353,357
79,55,354,352,350,373,341,356,329,347,361
79,54,349,347,349,375,352,359,332,347,360
79,53,355,350,346,376,341,359,329,346,361
78,61,355,350,344,374,347,356,329,351,364
79,56,347,354,342,374,346,356,331,343,360
78,57,349,348,349,376,352,359,331,351,361
79,50,353,354,350,373,342,358,330,344,360
79,61,356,352,348,372,346,359,331,353,362
78,53,354,355,346,372,349,359,329,342,361
79,60,353,349,342,376,345,355,330,353,360
79,62,356,351,347,373,348,358,332,345,359
79,53,350,352,351,373,340,357,330,358,361
79,50,351,355,346,374,366,360,331,336,360
77,58,346,351,350,372,349,356,331,348,364
78,66,356,348,346,373,348,355,331,349,359
79,60,347,348,351,372,343,357,333,352,357
79,52,355,347,351,373,365,357,332,347,361
79,60,356,361,342,381,347,358,330,350,359
79,72,349,351,345,376,348,356,332,347,356
79,57,351,351,348,372,341,356,329,354,358
79,58,355,351,347,375,342,359,331,345,363
79,54,347,349,351,375,342,358,330,350,360
78,50,347,350,348,378,368,359,331,348,360
77,55,350,346,348,376,343,356,329,346,363
79,58,352,351,346,374,355,356,330,349,358
79,56,349,350,350,375,340,356,329,348,360
79,60,347,352,350,376,346,358,332,349,362
79,56,347,351,344,375,341,359,329,341,359
78,57,347,348,348,379,348,356,332,352,365
79,56,350,354,346,379,367,355,330,343,357
79,59,346,352,351,373,343,359,329,350,362
78,52,353,350,351,370,340,358,332,345,359
79,51,352,353,343,375,346,355,328,350,363
78,50,350,350,350,375,352,359,330,343,361
79,60,349,349,344,375,349,355,333,354,359
79,56,352,346,353,380,343,358,331,349,357
79,62,352,345,347,375,350,359,330,351,360
79,54,348,358,346,373,349,359,331,337,360
78,56,350,348,351,375,345,359,331,350,360
78,59,347,352,345,376,360,355,331,346,357
78,54,352,353,348,372,364,359,332,355,362
79,52,349,353,350,371,362,358,330,341,361
79,57,348,352,345,374,343,358,330,351,359
78,54,348,348,348,372,358,355,329,346,364
79,57,352,351,346,376,344,356,328,356,358
79,57,353,349,350,373,347,358,332,352,359
79,53,349,348,353,370,342,356,330,349,360
79,55,350,352,343,377,347,357,328,347,360
77,53,350,348,353,374,341,357,330,347,359
79,55,349,352,348,372,343,357,331,346,357
79,53,354,352,348,374,346,356,330,352,358
79,53,346,353,351,380,342,357,330,347,359
79,52,349,344,357,374,349,358,330,345,361
79,55,349,356,348,377,351,357,330,351,361
78,51,349,347,349,376,346,356,328,348,363
79,55,352,354,346,372,346,354,329,354,356
78,57,348,345,351,373,343,357,330,348,359
78,58,348,351,351,377,353,359,331,347,358
79,58,353,352,349,372,343,357,329,347,361
78,49,354,350,348,379,347,357,331,347,359
79,56,350,352,346,379,357,353,329,345,359
79,54,356,349,350,374,343,358,331,352,359
79,64,354,348,346,374,355,358,330,350,359
79,57,349,352,344,373,355,358,329,344,361
78,56,352,348,346,373,345,356,332,347,359
78,60,351,349,346,377,342,354,332,357,360
79,59,350,351,351,375,340,358,332,347,357
79,56,349,351,351,377,358,359,331,352,361
79,53,351,350,343,372,362,356,329,344,358
78,50,354,348,347,371,347,356,329,352,361
79,57,351,350,342,375,340,355,333,344,357
79,60,348,355,347,372,352,357,331,355,357
79,54,353,350,352,373,342,356,331,346,359
79,60,350,350,344,369,346,359,330,351,361
78,50,350,351,348,376,359,358,330,346,360
79,51,358,349,350,371,344,357,331,348,358
79,60,348,350,347,375,343,356,329,348,358
79,51,348,342,348,374,342,358,332,353,358
79,52,348,345,355,372,354,358,330,348,361
79,61,357,351,348,382,343,358,329,346,361
78,51,352,346,350,373,347,356,332,347,364
79,58,351,350,346,372,343,356,330,354,357
78,59,353,350,352,377,340,358,332,354,358
79,52,350,352,351,371,343,360,332,352,360
79,51,351,353,343,372,343,355,328,347,360
78,52,354,357,346,380,363,356,329,350,362
79,56,344,349,350,374,360,354,330,356,358
79,57,344,349,353,375,341,358,331,356,361
79,53,351,347,353,372,363,358,330,352,360
79,63,356,353,340,377,347,358,330,350,359
79,55,347,347,350,372,356,357,330,348,359
78,61,350,351,348,377,359,357,330,357,360
79,54,353,349,351,373,350,356,331,353,361
79,63,354,360,344,377,346,359,331,353,358
78,65,352,349,345,372,347,356,329,349,360
79,57,351,352,341,377,346,355,331,350,360
79,51,354,347,349,373,357,358,330,354,360
79,49,360,346,352,373,344,360,332,349,359
79,62,355,356,342,371,350,356,329,351,360
77,57,355,347,345,376,346,355,329,354,363
79,59,351,352,346,375,350,354,330,355,357
79,47,351,349,355,375,341,358,331,354,362
79,56,348,348,353,372,349,360,332,350,361
79,48,357,349,348,376,342,358,329,350,359
78,56,348,349,345,373,346,356,332,351,361
79,56,351,351,344,377,347,355,329,352,360
79,60,349,349,350,375,345,358,330,353,358
79,62,351,347,347,376,367,360,330,352,360
78,51,350,357,346,376,349,358,329,351,360
78,55,348,346,350,375,342,359,329,350,361
79,70,352,347,341,374,345,354,330,359,360
79,56,347,350,350,376,341,358,330,350,362
79,55,349,351,351,369,343,358,331,353,360
79,52,350,353,341,372,368,359,331,348,361
78,52,352,347,347,373,348,356,328,351,364
79,56,354,349,343,373,344,356,330,352,357
78,52,355,349,352,374,351,359,332,356,361
78,56,355,344,351,377,349,360,330,347,362
79,52,348,349,350,375,357,358,329,354,358
79,64,348,346,345,377,371,356,331,348,357
79,58,352,351,345,372,341,356,329,353,359
79,54,354,351,346,374,342,357,328,351,362
79,53,347,347,352,372,340,360,332,350,361
79,63,357,348,346,386,346,359,330,350,359
79,57,346,345,352,375,359,357,332,352,358
78,58,350,347,349,373,343,356,329,351,357
79,51,351,349,348,375,340,359,329,349,360
79,53,347,347,353,373,352,359,332,351,360
